Usia Kepala Rumah Tangga,Jumlah Tanggungan Keluarga (termasuk Kepala Keluarga),Luas lahan yang dikelola,Frekuensi Panen per Tahun,Produksi Rata - Rata per Panen (Kwintal/Ha),Harga Jual Rata-Rata Hasil Panen Utama (Rp/kg),Pengeluaran Rata-Rata Benih per Tahun (Rp),Pengeluaran Rata-Rata Pupuk per Tahun (Rp),Pengeluaran Rata-Rata Biaya Perawatan per Tahun (Rp),Pendidikan Terakhir_Diploma,Pendidikan Terakhir_SD,Pendidikan Terakhir_SMA,Pendidikan Terakhir_SMP,Pendidikan Terakhir_Sarjana,Status Petani_Buruh Tani,Status Petani_Petani Pemilik,Status Petani_Petani Penggarap,Status Kepemilikan Lahan_Bagi Hasil,Status Kepemilikan Lahan_Milik Sendiri,Status Kepemilikan Lahan_Sewa,Komoditas Utama yang ditanam_Bawang,Komoditas Utama yang ditanam_Cabai,Komoditas Utama yang ditanam_Jagung,Komoditas Utama yang ditanam_Kedelai,Komoditas Utama yang ditanam_Padi,Pola Tanam_Monokultur,Pola Tanam_Rotasi,Pola Tanam_Tumpangsari,Sistem Irigasi_Irigasi Teknis,Sistem Irigasi_Sumur,Sistem Irigasi_Tadah Hujan,Pernah Gagal Panen dalam 5 Tahun Terakhir?_Tidak,Pernah Gagal Panen dalam 5 Tahun Terakhir?_Ya,Stok Pupuk Saat Ini_Ada,Stok Pupuk Saat Ini_Habis,Menerima Subsidi Benih/Pupuk Pemerintah?_Tidak,Menerima Subsidi Benih/Pupuk Pemerintah?_Ya,Pernah Mengikuti Pelatihan dari Dinas/Kementerian?_Tidak,Pernah Mengikuti Pelatihan dari Dinas/Kementerian?_Ya,Sumber Utama Pangan Pokok_Bantuan,Sumber Utama Pangan Pokok_Beli Pasar,Sumber Utama Pangan Pokok_Panen Sendiri,Pernah Kehabisan Pangan Pokok dalam 3 Bulan Terakhir?_Tidak,Pernah Kehabisan Pangan Pokok dalam 3 Bulan Terakhir?_Ya,Status Kemandirian Pangan Rumah Tangga_Mandiri,Status Kemandirian Pangan Rumah Tangga_Rentan,Status Kemandirian Pangan Rumah Tangga_Tidak Mandiri,Cadangan Pangan Keluarga dari Hasil Panen?_Tidak,Cadangan Pangan Keluarga dari Hasil Panen?_Ya,Strategi Saat Kekurangan Pangan atau Gagal Panen_Jual Aset,Strategi Saat Kekurangan Pangan atau Gagal Panen_Kurangi Konsumsi,Strategi Saat Kekurangan Pangan atau Gagal Panen_Pinjam Uang,Keikutsertaan dalam Koperasi atau Organisasi Tani_Tidak,Keikutsertaan dalam Koperasi atau Organisasi Tani_Ya,Pernah Menerima Bantuan Pangan Pemerintah?_Tidak,Pernah Menerima Bantuan Pangan Pemerintah?_Ya,Sumber Pinjaman Utama Saat Darurat_Bank,Sumber Pinjaman Utama Saat Darurat_Koperasi,Sumber Pinjaman Utama Saat Darurat_Tetangga,"Akses ke Informasi Pertanian (cuaca, harga, dll)_Mudah","Akses ke Informasi Pertanian (cuaca, harga, dll)_Sedang","Akses ke Informasi Pertanian (cuaca, harga, dll)_Sulit",Sumber Informasi Pertanian Utama_Internet,Sumber Informasi Pertanian Utama_Penyuluh,Sumber Informasi Pertanian Utama_Tetangga,Apakah mempunyai pekerjaan sampingan?_Tidak,Apakah mempunyai pekerjaan sampingan?_Ya,Pernah Terdampak Kekeringan Ekstrem dalam 5 Tahun Terakhir?_Tidak,Pernah Terdampak Kekeringan Ekstrem dalam 5 Tahun Terakhir?_Ya,Kondisi Tanah Dominan (berdasarkan persepsi petani)_Kurang Subur,Kondisi Tanah Dominan (berdasarkan persepsi petani)_Sedang,Kondisi Tanah Dominan (berdasarkan persepsi petani)_Subur,Apakah pola tanam berubah akibat iklim?_Tidak,Apakah pola tanam berubah akibat iklim?_Ya
1.0,1.0,0.27628865979381445,0.0,0.591289782244556,0.05184587452087952,0.13009434222411437,0.36797049903811696,0.24459451239602392,False,True,False,False,False,False,True,False,False,True,False,False,False,True,False,False,False,True,False,True,False,False,False,True,True,False,False,True,True,False,False,False,True,True,False,False,False,True,True,False,False,False,True,False,True,True,False,True,False,False,False,True,False,False,True,False,False,True,True,False,False,False,True,False,True
0.6000000000000001,0.4,0.6082474226804124,1.0,0.07705192629815749,0.4837603389146662,0.8122894417014556,0.3235655727824859,0.7462490052260482,False,True,False,False,False,False,False,True,False,True,False,False,True,False,False,False,False,True,False,True,False,False,True,False,True,False,False,True,False,True,False,True,False,False,True,True,False,False,False,True,False,True,False,True,False,True,False,False,False,True,False,True,False,False,True,False,True,False,True,False,False,False,True,True,False
0.10000000000000009,0.20000000000000007,0.5381443298969073,0.6666666666666667,0.9932998324958122,0.9197095017147469,0.9635820317307867,0.5460056539760244,0.8932446611685869,False,False,False,False,True,True,False,False,False,True,False,False,False,True,False,False,False,False,True,False,True,False,False,True,True,False,False,True,False,True,False,True,False,True,False,False,True,False,False,True,False,False,True,True,False,False,True,False,False,True,False,True,False,True,False,False,True,False,False,True,False,True,False,False,True
0.375,0.4,0.7525773195876289,0.3333333333333333,1.0,0.2279604599556183,0.12616448113121886,0.07891780520300798,0.9126459213000746,False,False,False,False,True,True,False,False,False,False,True,True,False,False,False,False,False,False,True,False,True,False,True,False,True,False,False,True,False,True,True,False,False,True,False,False,False,True,False,True,False,True,False,True,False,True,False,False,False,True,False,True,False,False,False,True,False,True,False,True,True,False,False,True,False
0.5250000000000001,0.6,0.15670103092783505,0.0,0.8726968174204353,0.4924349404881986,0.2135166237226942,0.6296452845229237,0.8078398325231522,False,True,False,False,False,False,False,True,False,True,False,False,False,False,True,False,False,True,False,True,False,False,False,True,True,False,False,True,True,False,False,True,False,False,True,True,False,False,True,False,False,True,False,False,True,False,True,False,True,False,False,False,True,False,True,False,False,True,True,False,False,False,True,False,True
0.20000000000000007,0.20000000000000007,0.265979381443299,0.3333333333333333,0.7152428810720268,0.6586645148275166,0.6158750784391664,0.8717481200288646,0.4772119464114638,True,False,False,False,False,True,False,False,True,False,False,False,True,False,False,False,True,False,False,False,False,True,True,False,True,False,False,True,False,True,False,False,True,True,False,True,False,False,False,True,True,False,False,False,True,False,True,False,True,False,False,False,True,False,False,True,False,True,False,True,False,False,True,False,True
0.5250000000000001,0.20000000000000007,0.27835051546391754,1.0,0.2428810720268007,0.7809158765382288,0.266509552932061,0.15847646399889428,0.10030971051444387,False,True,False,False,False,True,False,False,False,False,True,False,False,True,False,False,False,True,False,True,False,False,True,False,False,True,True,False,True,False,False,True,False,True,False,False,False,True,False,True,True,False,False,False,True,False,True,True,False,False,False,False,True,True,False,False,False,True,False,True,False,False,True,False,True
0.8500000000000001,0.6,0.18350515463917527,0.0,0.048576214405360085,0.8926770223925761,0.12948431586586412,0.39786883032768317,0.1740628849204941,True,False,False,False,False,False,True,False,False,False,True,False,False,True,False,False,True,False,False,False,True,False,False,True,False,True,True,False,True,False,False,False,True,True,False,True,False,False,False,True,False,True,False,False,True,True,False,True,False,False,False,True,False,True,False,False,True,False,True,False,False,False,True,False,True
0.44999999999999996,0.8000000000000002,0.7422680412371134,1.0,0.5041876046901173,0.8769416986080291,0.07816610069403107,0.8553217768077697,0.08243013772233515,False,False,False,True,False,False,True,False,False,True,False,False,False,False,True,False,True,False,False,True,False,False,False,True,True,False,False,True,False,True,True,False,False,False,True,False,True,False,False,True,True,False,False,False,True,False,True,False,False,True,True,False,False,True,False,False,True,False,True,False,False,False,True,True,False
0.375,0.20000000000000007,0.6762886597938145,0.0,0.4589614740368509,0.9297962477304821,0.1012711012287289,0.9055514394495812,0.22385835432707663,False,False,True,False,False,False,False,True,False,False,True,False,True,False,False,False,False,False,True,True,False,False,False,True,False,True,False,True,True,False,False,False,True,False,True,False,True,False,True,False,False,False,True,True,False,True,False,False,False,True,False,False,True,False,False,True,False,True,True,False,True,False,False,False,True
0.20000000000000007,0.0,0.7484536082474228,0.3333333333333333,0.7202680067001674,0.3356869074036716,0.7108138773934455,0.8228025753073285,0.2642182977580203,False,False,True,False,False,False,True,False,False,True,False,False,False,False,True,False,False,False,True,False,False,True,True,False,True,False,False,True,True,False,False,True,False,False,True,True,False,False,True,False,False,False,True,True,False,False,True,False,False,True,False,True,False,False,False,True,True,False,False,True,False,False,True,False,True
0.2250000000000001,0.4,0.5855670103092784,0.6666666666666667,0.3651591289782245,0.06516037926165019,0.29424927412243973,0.42002990917959493,0.7062383098220305,False,False,False,False,True,False,True,False,False,True,False,False,True,False,False,False,True,False,False,True,False,False,True,False,True,False,True,False,True,False,True,False,False,False,True,True,False,False,False,True,False,False,True,True,False,False,True,False,True,False,False,False,True,True,False,False,True,False,False,True,False,True,False,False,True
0.15000000000000002,0.6,0.22268041237113403,0.3333333333333333,0.021775544388609736,0.3185394391769215,0.4609492332970815,0.4690248739587636,0.9161008916215956,True,False,False,False,False,False,True,False,False,False,True,False,False,False,True,False,False,False,True,True,False,False,True,False,True,False,True,False,True,False,True,False,False,True,False,False,False,True,True,False,False,False,True,False,True,True,False,False,True,False,False,False,True,True,False,False,False,True,False,True,True,False,False,True,False
0.55,0.8000000000000002,0.9917525773195878,0.6666666666666667,0.043551088777219416,0.7199919306031873,0.7312817077509667,0.906929174226998,0.7274177442328456,False,False,True,False,False,False,False,True,False,True,False,False,True,False,False,False,False,True,False,True,False,False,False,True,True,False,True,False,True,False,False,False,True,True,False,False,False,True,True,False,True,False,False,False,True,True,False,False,False,True,False,True,False,False,False,True,True,False,True,False,False,True,False,True,False
0.875,0.6,0.6701030927835051,0.6666666666666667,0.407035175879397,0.0,0.4026274850839475,0.3537214508764628,0.4542525636021715,False,False,False,True,False,False,True,False,False,False,True,False,False,True,False,False,False,True,False,False,False,True,True,False,False,True,True,False,True,False,False,True,False,False,True,False,False,True,True,False,True,False,False,False,True,False,True,True,False,False,False,False,True,False,False,True,True,False,False,True,False,False,True,True,False
0.3500000000000001,0.0,0.04536082474226805,1.0,0.8894472361809045,0.9505749445228969,0.9801408508488917,0.6466064090180756,0.5228063016712202,False,False,False,True,False,False,True,False,False,False,True,True,False,False,False,False,True,False,False,False,True,False,False,True,False,True,False,True,False,True,True,False,False,False,True,True,False,False,True,False,False,False,True,False,True,True,False,False,True,False,False,False,True,False,True,False,False,True,True,False,False,False,True,True,False
0.8250000000000002,0.4,0.9587628865979382,1.0,0.8324958123953099,0.9047811176114585,0.22242892722123242,0.799449388235937,0.4757062261444336,False,False,False,False,True,True,False,False,False,False,True,True,False,False,False,False,False,True,False,False,False,True,True,False,False,True,False,True,True,False,True,False,False,True,False,False,False,True,False,True,False,True,False,True,False,False,True,False,False,True,False,True,False,False,True,False,True,False,True,False,False,True,False,False,True
0.20000000000000007,0.6,0.6989690721649485,1.0,0.3316582914572865,0.7692152511599758,0.08576284569561499,0.34807872494644154,0.8826559577455508,False,False,False,True,False,False,True,False,True,False,False,False,False,True,False,False,True,False,False,False,True,False,True,False,False,True,True,False,False,True,True,False,False,True,False,False,True,False,False,True,False,True,False,True,False,True,False,True,False,False,False,False,True,False,False,True,False,True,True,False,False,False,True,True,False
0.675,0.6,0.33814432989690724,1.0,0.9229480737018423,0.8819850716158967,0.5537008153637862,0.9969889925861877,0.5972338947998034,True,False,False,False,False,False,True,False,True,False,False,False,True,False,False,False,False,True,False,True,False,False,False,True,True,False,False,True,True,False,False,False,True,True,False,True,False,False,False,True,False,True,False,True,False,True,False,False,True,False,False,True,False,True,False,False,True,False,True,False,False,True,False,True,False
0.40000000000000013,0.0,0.7546391752577319,0.0,0.7839195979899496,0.06576558402259425,0.34672902790584736,0.3354838424536778,0.8893930484942798,False,True,False,False,False,False,False,True,False,True,False,False,False,False,True,False,True,False,False,False,False,True,False,True,True,False,False,True,False,True,False,False,True,True,False,False,False,True,False,True,True,False,False,False,True,True,False,False,False,True,False,True,False,True,False,False,False,True,False,True,False,False,True,True,False
0.15000000000000002,0.4,0.5793814432989691,0.0,0.5929648241206029,0.40064555174500704,0.9813239118898643,0.5077509132665935,0.9011549515665471,False,False,False,False,True,False,True,False,False,False,True,False,True,False,False,False,False,True,False,True,False,False,False,True,True,False,False,True,True,False,True,False,False,True,False,False,False,True,True,False,False,False,True,True,False,False,True,True,False,False,False,True,False,False,True,False,True,False,True,False,True,False,False,True,False
0.2250000000000001,1.0,0.5257731958762887,1.0,0.46566164154103845,0.9784143635263264,0.45254606976899037,0.4132308342587876,0.8803597406744694,True,False,False,False,False,False,True,False,True,False,False,False,False,False,True,False,False,True,False,False,False,True,True,False,True,False,True,False,True,False,False,False,True,True,False,False,False,True,True,False,False,True,False,False,True,True,False,True,False,False,True,False,False,True,False,False,False,True,True,False,False,True,False,True,False
0.42500000000000004,0.4,0.5587628865979382,1.0,0.489112227805695,0.3964091184183981,0.9089796283479988,0.8266605541153649,0.47369158712699144,False,False,False,False,True,True,False,False,True,False,False,False,False,True,False,False,True,False,False,True,False,False,True,False,True,False,False,True,True,False,False,False,True,True,False,False,False,True,False,True,False,True,False,True,False,True,False,False,False,True,False,False,True,True,False,False,True,False,True,False,False,True,False,True,False
0.42500000000000004,0.20000000000000007,0.11958762886597937,0.3333333333333333,0.19095477386934673,0.7994754892071817,0.829546394623159,0.8836475056129935,0.6316746164100953,False,False,True,False,False,False,False,True,False,True,False,False,False,False,True,False,True,False,False,False,False,True,True,False,False,True,False,True,False,True,False,True,False,False,True,False,True,False,False,True,False,True,False,False,True,False,True,True,False,False,True,False,False,False,True,False,True,False,False,True,True,False,False,True,False
0.15000000000000002,0.4,0.47216494845360824,0.6666666666666667,0.9447236180904521,0.7887835384305023,0.09010432325074769,0.6747983420575137,0.5200097829998834,False,True,False,False,False,True,False,False,False,False,True,False,False,False,True,False,True,False,False,True,False,False,False,True,True,False,False,True,False,True,False,False,True,True,False,True,False,False,False,True,False,False,True,True,False,False,True,False,False,True,False,True,False,True,False,False,True,False,True,False,True,False,False,True,False
0.4750000000000001,0.0,0.6144329896907217,0.3333333333333333,0.26465661641541033,0.1335485172483356,0.33626576433881417,0.29243093647393115,0.5840526964076622,False,False,False,False,True,True,False,False,True,False,False,False,False,False,False,True,True,False,False,False,False,True,False,True,True,False,False,True,False,True,False,True,False,True,False,False,False,True,True,False,False,True,False,False,True,False,True,True,False,False,False,False,True,True,False,False,True,False,False,True,True,False,False,False,True
0.40000000000000013,0.20000000000000007,0.42680412371134024,0.6666666666666667,0.829145728643216,0.11720798870284443,0.2319707617796628,0.5179113556845923,0.6298178739969891,False,False,False,False,True,True,False,False,True,False,False,False,False,True,False,False,False,True,False,True,False,False,False,True,False,True,True,False,False,True,False,True,False,True,False,False,False,True,True,False,False,True,False,True,False,True,False,False,True,False,False,False,True,False,True,False,True,False,True,False,True,False,False,True,False
0.025000000000000022,1.0,0.8432989690721651,0.6666666666666667,0.5778894472361809,0.28888440589065967,0.7299331930339966,0.7447723221962755,0.9710803371840167,False,True,False,False,False,False,True,False,True,False,False,True,False,False,False,False,True,False,False,False,False,True,True,False,False,True,False,True,True,False,True,False,False,True,False,True,False,False,True,False,False,True,False,True,False,True,False,True,False,False,False,False,True,False,True,False,False,True,True,False,False,True,False,True,False
0.44999999999999996,0.0,0.45773195876288664,1.0,0.8676716917922946,0.0012104095218882227,0.5808204215571343,0.09086219116481872,0.19667504726760304,True,False,False,False,False,True,False,False,False,False,True,False,False,False,True,False,False,False,True,True,False,False,True,False,False,True,True,False,True,False,False,False,True,False,True,False,True,False,False,True,False,True,False,True,False,True,False,False,True,False,True,False,False,False,False,True,False,True,False,True,False,True,False,False,True
0.875,0.20000000000000007,1.0000000000000002,0.3333333333333333,0.4991624790619766,0.48154125479120424,0.5839842186786439,0.8126365078421194,0.499252335501138,True,False,False,False,False,False,True,False,False,True,False,False,True,False,False,False,True,False,False,False,False,True,True,False,True,False,True,False,False,True,False,True,False,False,True,False,False,True,False,True,False,False,True,True,False,True,False,True,False,False,False,False,True,True,False,False,False,True,True,False,True,False,False,True,False
0.925,0.6,0.8721649484536083,0.6666666666666667,0.5527638190954773,0.8973169255598145,0.6401981139626087,0.5417836542556697,0.9216802429022561,False,False,False,False,True,True,False,False,False,False,True,True,False,False,False,False,False,False,True,False,True,False,True,False,True,False,False,True,True,False,False,False,True,True,False,True,False,False,True,False,True,False,False,True,False,True,False,True,False,False,False,False,True,False,False,True,False,True,True,False,False,False,True,False,True
0.8,0.0,0.8804123711340206,0.0,0.7236180904522611,0.6768206576558403,0.10348253084937592,0.7907136899184689,0.8280526254428962,False,False,False,False,True,False,False,True,False,False,True,False,False,False,False,True,False,True,False,False,True,False,False,True,False,True,True,False,True,False,True,False,False,False,True,False,True,False,True,False,False,True,False,True,False,False,True,False,False,True,True,False,False,False,True,False,True,False,False,True,True,False,False,False,True
0.675,1.0,0.8804123711340206,0.0,0.045226130653266305,0.09199112366350615,0.5035481742590399,0.6312078422801048,0.45510160633816743,False,True,False,False,False,True,False,False,False,False,True,False,False,True,False,False,False,True,False,False,True,False,True,False,True,False,False,True,True,False,True,False,False,False,True,True,False,False,False,True,False,False,True,True,False,False,True,True,False,False,False,False,True,False,True,False,False,True,True,False,True,False,False,True,False
0.7250000000000001,0.0,0.9051546391752577,0.3333333333333333,0.07202680067001677,0.5703046197296752,0.8991566570555568,0.7145722473027899,0.7310919449921686,False,False,True,False,False,True,False,False,False,False,True,False,False,False,True,False,False,True,False,False,False,True,True,False,False,True,True,False,True,False,False,False,True,True,False,False,True,False,False,True,False,False,True,True,False,True,False,False,False,True,False,True,False,False,False,True,True,False,False,True,True,False,False,True,False
0.42500000000000004,1.0,0.7835051546391754,0.6666666666666667,0.777219430485762,0.3796651200322776,0.3068419130480401,0.3199313904955988,0.6572941641617794,False,True,False,False,False,True,False,False,False,True,False,True,False,False,False,False,False,True,False,False,True,False,True,False,False,True,False,True,False,True,True,False,False,False,True,False,True,False,True,False,False,False,True,True,False,False,True,False,True,False,False,True,False,True,False,False,True,False,False,True,False,False,True,False,True
0.8500000000000001,0.8000000000000002,0.9216494845360825,0.6666666666666667,0.8073701842546062,0.77324994956627,0.19647422251905233,0.3797276512856448,0.9116230148873941,False,False,True,False,False,True,False,False,False,True,False,False,False,False,True,False,False,False,True,False,True,False,False,True,False,True,True,False,False,True,False,True,False,False,True,False,True,False,False,True,False,True,False,True,False,True,False,False,False,True,False,True,False,False,False,True,True,False,False,True,True,False,False,False,True
0.75,0.8000000000000002,0.3298969072164949,1.0,0.9128978224455611,0.4986887230179543,0.1625084660493764,0.23507192828225523,0.045474475494345634,False,True,False,False,False,True,False,False,True,False,False,False,False,True,False,False,False,True,False,True,False,False,True,False,True,False,True,False,True,False,False,False,True,False,True,True,False,False,False,True,False,True,False,True,False,True,False,False,False,True,False,False,True,False,False,True,True,False,False,True,False,True,False,False,True
0.7750000000000001,0.4,0.030927835051546393,0.3333333333333333,0.8576214405360132,0.16340528545491217,0.7659032257413635,0.6039625243283292,0.06163594061262867,False,False,False,False,True,False,False,True,False,False,True,False,False,True,False,False,False,False,True,False,True,False,True,False,False,True,True,False,False,True,False,False,True,True,False,True,False,False,False,True,True,False,False,False,True,False,True,True,False,False,True,False,False,False,True,False,False,True,False,True,True,False,False,False,True
0.925,0.4,0.7793814432989691,0.3333333333333333,0.5410385259631492,0.28767399636877145,0.9303554361957492,0.04296129806803736,0.13737993015039462,False,False,False,True,False,False,True,False,True,False,False,False,False,False,False,True,False,False,True,True,False,False,False,True,True,False,True,False,False,True,True,False,False,True,False,True,False,False,False,True,False,True,False,False,True,False,True,False,False,True,False,True,False,False,False,True,False,True,False,True,False,True,False,True,False
0.5750000000000002,0.0,0.45360824742268047,0.6666666666666667,0.4589614740368509,0.05083719991930602,0.6735383748279046,0.6763315692113845,0.4504103284147992,False,False,False,False,True,True,False,False,False,True,False,True,False,False,False,False,True,False,False,False,False,True,False,True,True,False,True,False,True,False,False,False,True,False,True,False,True,False,False,True,False,False,True,False,True,True,False,False,False,True,False,False,True,False,False,True,True,False,True,False,True,False,False,True,False
0.7250000000000001,0.6,0.09896907216494845,0.3333333333333333,0.4304857621440536,0.3768408311478717,0.47599879205365003,0.7637640887343161,0.42113077285699074,False,False,False,False,True,True,False,False,True,False,False,False,False,False,False,True,False,True,False,False,False,True,True,False,False,True,False,True,True,False,False,True,False,True,False,False,False,True,True,False,False,True,False,False,True,True,False,False,True,False,True,False,False,False,True,False,False,True,True,False,False,False,True,True,False
0.20000000000000007,0.8000000000000002,0.9649484536082474,1.0,0.3534338358458961,0.6982045592091991,0.4036370215378986,0.5260628526703707,0.3710793234016454,False,False,False,False,True,False,True,False,True,False,False,False,False,False,True,False,False,True,False,True,False,False,False,True,True,False,False,True,False,True,True,False,False,True,False,True,False,False,False,True,False,True,False,True,False,False,True,True,False,False,False,False,True,False,True,False,True,False,False,True,True,False,False,True,False
0.025000000000000022,1.0,0.7690721649484537,0.3333333333333333,0.5678391959798996,0.6616905386322373,0.19805074047245763,0.05118029562033824,0.09481044804111899,False,False,False,True,False,False,False,True,False,False,True,False,False,False,True,False,True,False,False,True,False,False,False,True,True,False,True,False,True,False,False,True,False,True,False,True,False,False,True,False,False,True,False,True,False,False,True,False,True,False,True,False,False,False,True,False,False,True,False,True,False,True,False,True,False
0.675,0.6,0.4164948453608247,1.0,0.11055276381909546,0.9794230381279,0.7411746269389522,0.5192722153203786,0.04554949538982467,True,False,False,False,False,True,False,False,False,True,False,True,False,False,False,False,True,False,False,False,True,False,True,False,True,False,True,False,False,True,False,False,True,False,True,False,True,False,False,True,False,False,True,True,False,True,False,True,False,False,True,False,False,False,True,False,True,False,True,False,False,False,True,False,True
0.6000000000000001,0.20000000000000007,0.5030927835051546,0.0,0.43718592964824116,0.7591285051442404,0.4395075130092997,0.9697999251065144,0.4536105859155215,False,False,False,False,True,True,False,False,True,False,False,False,False,False,True,False,True,False,False,False,True,False,False,True,False,True,True,False,True,False,False,False,True,True,False,True,False,False,True,False,False,False,True,True,False,True,False,False,True,False,False,True,False,False,True,False,False,True,True,False,True,False,False,True,False
0.8250000000000002,0.4,0.7505154639175258,0.0,0.5309882747068675,0.31974984869880974,0.49316158434673707,0.24840690627224907,0.24842990455238978,False,True,False,False,False,False,False,True,False,True,False,False,False,False,True,False,True,False,False,True,False,False,True,False,True,False,False,True,True,False,False,False,True,False,True,False,False,True,False,True,True,False,False,False,True,False,True,False,False,True,False,True,False,True,False,False,True,False,True,False,True,False,False,True,False
0.2250000000000001,0.6,0.4453608247422681,0.6666666666666667,0.5075376884422109,0.5122049626790398,0.6353596028035654,0.06289284927927072,0.057745297317024935,True,False,False,False,False,False,True,False,False,False,True,False,False,False,True,False,False,True,False,True,False,False,True,False,False,True,True,False,False,True,True,False,False,False,True,False,False,True,True,False,False,True,False,False,True,True,False,False,False,True,False,False,True,False,True,False,True,False,True,False,True,False,False,False,True
0.07500000000000007,0.4,0.9896907216494847,0.0,0.24790619765494143,0.7228162194875932,0.7371331182435544,0.8804645324701832,0.6455097044317496,True,False,False,False,False,False,True,False,False,True,False,True,False,False,False,False,False,True,False,True,False,False,True,False,True,False,True,False,True,False,False,True,False,True,False,False,True,False,True,False,True,False,False,False,True,True,False,False,True,False,False,True,False,False,True,False,True,False,True,False,False,True,False,False,True
0.5250000000000001,1.0,0.14020618556701034,1.0,0.12730318257956447,0.1393988299374621,0.7862937098682355,0.634305636136589,0.6813208063624981,False,True,False,False,False,True,False,False,False,False,True,False,False,False,True,False,False,True,False,False,False,True,True,False,False,True,False,True,False,True,True,False,False,True,False,False,False,True,True,False,False,False,True,True,False,True,False,False,True,False,True,False,False,True,False,False,True,False,False,True,False,False,True,False,True
0.2250000000000001,0.0,0.511340206185567,0.6666666666666667,0.879396984924623,0.21585636473673586,0.21551013874568625,0.272939344312354,0.189513688596469,False,True,False,False,False,False,False,True,True,False,False,True,False,False,False,False,True,False,False,False,False,True,True,False,True,False,True,False,False,True,False,True,False,True,False,False,False,True,False,True,False,True,False,True,False,True,False,False,True,False,False,False,True,False,True,False,True,False,True,False,False,False,True,True,False
0.9000000000000001,0.4,0.7835051546391754,0.3333333333333333,0.8040201005025125,0.2279604599556183,0.07153651986352089,0.8094197844160478,0.9264802489849504,True,False,False,False,False,False,False,True,True,False,False,True,False,False,False,False,False,False,True,True,False,False,True,False,False,True,False,True,False,True,False,True,False,False,True,True,False,False,True,False,False,True,False,False,True,True,False,False,True,False,True,False,False,True,False,False,True,False,False,True,False,True,False,False,True
0.625,0.20000000000000007,0.3876288659793815,0.6666666666666667,0.9329983249581237,0.5533588864232398,0.19202109736141737,0.0640656716226011,0.3022303212169444,False,False,False,False,True,False,False,True,False,True,False,False,False,False,True,False,True,False,False,True,False,False,False,True,False,True,False,True,True,False,False,True,False,False,True,True,False,False,False,True,False,True,False,False,True,False,True,False,False,True,False,False,True,False,False,True,True,False,False,True,False,True,False,False,True
0.4750000000000001,0.20000000000000007,0.4226804123711341,1.0,0.5979899497487438,0.02642727456122651,0.2004518365021748,0.4903751424342312,0.453562431252883,False,True,False,False,False,False,True,False,True,False,False,False,True,False,False,False,True,False,False,True,False,False,False,True,True,False,True,False,False,True,True,False,False,True,False,True,False,False,False,True,True,False,False,True,False,False,True,False,False,True,False,False,True,False,False,True,False,True,True,False,False,True,False,False,True
1.0,0.4,0.7525773195876289,0.0,0.7738693467336681,0.5487189832560017,0.06047264600109897,0.5932194877349863,0.577697294721742,True,False,False,False,False,False,False,True,False,False,True,False,False,False,False,True,False,False,True,True,False,False,False,True,False,True,False,True,True,False,True,False,False,True,False,False,False,True,False,True,False,False,True,False,True,True,False,False,True,False,False,True,False,False,True,False,False,True,False,True,False,False,True,True,False
0.4750000000000001,0.8000000000000002,0.4762886597938144,0.0,0.8676716917922946,0.5479120435747428,0.17350911777544165,0.6197114511496793,0.4617608892898961,False,False,False,False,True,False,False,True,False,True,False,False,False,True,False,False,False,False,True,False,True,False,True,False,False,True,True,False,True,False,False,True,False,False,True,False,True,False,True,False,False,True,False,True,False,False,True,False,False,True,False,True,False,False,True,False,True,False,False,True,True,False,False,True,False
0.5,0.4,0.6659793814432989,1.0,0.1658291457286432,0.7329029655033287,0.6286109760354474,0.07089407714671894,0.7698934514727724,False,True,False,False,False,False,True,False,False,False,True,False,True,False,False,False,False,True,False,False,False,True,True,False,False,True,True,False,True,False,True,False,False,False,True,True,False,False,True,False,False,True,False,False,True,False,True,False,True,False,False,False,True,False,False,True,True,False,False,True,False,False,True,False,True
0.375,0.6,0.9567010309278351,1.0,0.9514237855946397,0.6140810974379666,0.10638402336259711,0.9667037384063759,0.1436433310861157,False,False,True,False,False,False,False,True,False,True,False,True,False,False,False,False,True,False,False,False,False,True,True,False,False,True,True,False,True,False,True,False,False,True,False,True,False,False,False,True,False,False,True,False,True,True,False,False,False,True,False,True,False,False,False,True,False,True,True,False,False,True,False,True,False
0.32500000000000007,1.0,0.9237113402061856,0.0,0.45226130653266333,0.7349203147064757,0.9597947567326531,0.5380936232857668,0.7072019099659876,False,False,False,False,True,False,False,True,False,False,True,False,False,True,False,False,True,False,False,True,False,False,False,True,False,True,False,True,True,False,False,True,False,False,True,False,False,True,False,True,False,True,False,False,True,False,True,False,True,False,True,False,False,False,True,False,True,False,False,True,False,True,False,True,False
0.7250000000000001,0.8000000000000002,0.890721649484536,1.0,0.5259631490787271,0.6760137179745814,0.17471033836621885,0.5337792120755299,0.6800933693564003,False,False,False,False,True,False,True,False,False,True,False,False,False,False,True,False,False,False,True,False,False,True,False,True,True,False,True,False,True,False,True,False,False,True,False,True,False,False,False,True,False,False,True,True,False,False,True,False,True,False,False,False,True,False,True,False,True,False,False,True,False,False,True,True,False
0.3500000000000001,0.4,0.8536082474226805,0.6666666666666667,0.12395309882747069,0.4996973976195279,0.7068140684050063,0.2837056846727106,0.6263783638566309,False,False,True,False,False,True,False,False,False,False,True,False,False,True,False,False,False,True,False,False,False,True,False,True,True,False,False,True,True,False,True,False,False,False,True,True,False,False,False,True,False,False,True,True,False,False,True,False,False,True,False,True,False,False,False,True,False,True,True,False,True,False,False,True,False
0.4750000000000001,1.0,0.40824742268041236,0.3333333333333333,0.44053601340033494,0.7994754892071817,0.28571092283469224,0.5728174415035269,0.6421662501710758,True,False,False,False,False,False,True,False,False,False,True,False,False,False,False,True,False,True,False,True,False,False,True,False,True,False,True,False,True,False,True,False,False,True,False,False,True,False,False,True,False,True,False,False,True,True,False,False,True,False,False,True,False,False,True,False,True,False,True,False,False,False,True,False,True
0.15000000000000002,0.6,0.8701030927835052,0.6666666666666667,0.1892797319932999,0.26265886624974777,0.723953993116858,0.786204812790393,0.5274648851131127,False,True,False,False,False,False,False,True,False,False,True,False,False,True,False,False,True,False,False,False,True,False,True,False,False,True,True,False,False,True,False,False,True,True,False,False,False,True,True,False,False,False,True,False,True,True,False,False,True,False,True,False,False,True,False,False,True,False,True,False,False,True,False,False,True
0.15000000000000002,0.4,0.731958762886598,0.0,0.5711892797319933,0.32096025822069796,0.7782550824880735,0.485875104666057,0.07543579969687908,True,False,False,False,False,False,True,False,False,False,True,False,False,False,True,False,True,False,False,False,True,False,True,False,False,True,True,False,True,False,True,False,False,False,True,True,False,False,False,True,False,True,False,True,False,True,False,False,False,True,False,True,False,False,True,False,False,True,True,False,True,False,False,False,True
0.050000000000000044,1.0,0.33402061855670107,0.3333333333333333,0.3283082077051926,0.5257212023401251,0.5521976081855179,0.5037932907651189,0.6284153060862425,False,True,False,False,False,False,True,False,False,False,True,True,False,False,False,False,False,False,True,True,False,False,False,True,False,True,True,False,True,False,False,True,False,False,True,False,True,False,True,False,True,False,False,False,True,True,False,False,False,True,False,True,False,False,False,True,False,True,True,False,False,True,False,False,True
0.07500000000000007,0.20000000000000007,0.5278350515463918,0.3333333333333333,0.03015075376884424,0.18095622352229168,0.02464856226808737,0.7427653857094872,0.33073331947830764,False,False,False,False,True,False,False,True,True,False,False,True,False,False,False,False,False,False,True,True,False,False,False,True,False,True,False,True,True,False,True,False,False,False,True,False,True,False,True,False,True,False,False,False,True,False,True,False,False,True,True,False,False,False,False,True,True,False,True,False,True,False,False,True,False
0.5,0.8000000000000002,0.3443298969072165,0.3333333333333333,0.9597989949748742,0.4603590881581602,0.3151112339683122,0.5010635357118176,0.8170492850299826,False,False,False,True,False,False,False,True,False,False,True,False,False,False,True,False,False,True,False,False,True,False,True,False,False,True,False,True,True,False,False,True,False,True,False,False,True,False,True,False,False,True,False,False,True,True,False,True,False,False,False,True,False,False,True,False,True,False,False,True,False,True,False,False,True
0.55,0.4,0.7525773195876289,0.6666666666666667,0.13567839195979897,0.9691345571918498,0.33992323218464093,0.0850671871710352,0.7093217289044561,True,False,False,False,False,True,False,False,False,True,False,False,False,True,False,False,False,True,False,False,True,False,False,True,True,False,False,True,False,True,False,False,True,True,False,False,True,False,True,False,False,False,True,False,True,False,True,False,False,True,True,False,False,True,False,False,True,False,True,False,True,False,False,False,True
0.44999999999999996,1.0,0.0577319587628866,0.0,0.916247906197655,0.28868267097034495,0.2458863575373229,0.0607569384957338,0.8861768239212089,False,False,True,False,False,False,False,True,False,True,False,True,False,False,False,False,True,False,False,False,False,True,True,False,False,True,True,False,False,True,True,False,False,True,False,True,False,False,False,True,False,True,False,False,True,True,False,True,False,False,False,True,False,False,False,True,True,False,False,True,True,False,False,True,False
0.42500000000000004,0.4,0.16288659793814433,0.0,0.7386934673366834,0.4867863627193868,0.24547205077141088,0.6828586329206692,0.8763826724317092,False,False,False,True,False,False,True,False,False,False,True,False,False,False,True,False,False,True,False,True,False,False,False,True,False,True,True,False,False,True,False,True,False,False,True,True,False,False,False,True,False,True,False,True,False,False,True,False,True,False,False,True,False,True,False,False,False,True,True,False,False,True,False,True,False
0.4750000000000001,0.8000000000000002,0.010309278350515462,0.0,0.6700167504187604,0.7684083114787169,0.22321718619793507,0.6827344800929579,0.7265849220147911,False,False,False,False,True,True,False,False,True,False,False,False,False,False,True,False,False,True,False,True,False,False,True,False,False,True,False,True,True,False,False,True,False,False,True,True,False,False,False,True,False,True,False,False,True,True,False,False,False,True,False,False,True,True,False,False,True,False,True,False,True,False,False,False,True
0.375,0.8000000000000002,0.4494845360824743,0.0,0.06030150753768848,0.9043776477708291,0.8057298087664889,0.9039093274532839,0.15656677531034413,False,False,False,False,True,False,True,False,True,False,False,False,False,False,True,False,True,False,False,False,False,True,False,True,True,False,True,False,True,False,False,False,True,False,True,False,False,True,True,False,False,False,True,True,False,False,True,True,False,False,True,False,False,False,False,True,True,False,True,False,True,False,False,False,True
0.875,0.4,0.7278350515463918,0.3333333333333333,0.5795644891122278,0.07423845067581192,0.4838934881872128,0.10696589774949897,0.5725414510267081,True,False,False,False,False,True,False,False,False,False,True,False,False,False,True,False,True,False,False,False,False,True,True,False,True,False,False,True,True,False,False,False,True,True,False,False,True,False,False,True,False,False,True,True,False,True,False,True,False,False,False,True,False,True,False,False,True,False,False,True,True,False,False,False,True
0.55,0.8000000000000002,0.39587628865979385,0.6666666666666667,0.4639865996649916,0.8991325398426467,0.7482265854463986,0.6386823246552248,0.8725244701719881,False,True,False,False,False,False,True,False,False,True,False,False,False,True,False,False,True,False,False,True,False,False,True,False,True,False,False,True,True,False,False,True,False,False,True,False,True,False,False,True,True,False,False,False,True,False,True,False,False,True,False,True,False,False,False,True,False,True,False,True,False,False,True,False,True
0.15000000000000002,0.6,0.6020618556701031,0.0,0.4020100502512563,0.3865241073229776,0.07755136630435,0.23567621906826716,0.5329248635195483,False,False,False,False,True,False,True,False,True,False,False,False,False,False,False,True,True,False,False,False,False,True,False,True,False,True,False,True,True,False,True,False,False,True,False,True,False,False,True,False,False,False,True,False,True,True,False,True,False,False,False,True,False,False,True,False,False,True,True,False,True,False,False,True,False
0.07500000000000007,1.0,0.3835051546391752,1.0,0.1490787269681742,0.6213435545692959,0.7566822098961475,0.7975019165339423,0.25342531718715944,False,False,True,False,False,True,False,False,True,False,False,False,False,False,True,False,False,True,False,False,True,False,False,True,True,False,True,False,False,True,False,True,False,False,True,False,False,True,True,False,False,True,False,False,True,True,False,False,True,False,False,True,False,False,True,False,True,False,False,True,False,True,False,True,False
0.125,0.20000000000000007,0.04948453608247423,0.0,0.18760469011725295,0.9703449667137382,0.6741201529975699,0.3515413432934169,0.9215443960644969,False,False,False,False,True,True,False,False,False,False,True,True,False,False,False,False,False,True,False,True,False,False,False,True,False,True,True,False,False,True,False,False,True,False,True,False,False,True,False,True,True,False,False,True,False,False,True,False,False,True,False,False,True,False,False,True,False,True,True,False,False,False,True,True,False
0.44999999999999996,0.8000000000000002,0.6536082474226804,1.0,0.4673366834170854,0.775267298769417,0.2844478252593957,0.6242376052084723,0.32991443676785903,True,False,False,False,False,False,False,True,False,False,True,False,False,False,True,False,False,False,True,False,False,True,True,False,False,True,False,True,False,True,True,False,False,False,True,True,False,False,True,False,True,False,False,True,False,True,False,False,True,False,True,False,False,True,False,False,False,True,True,False,True,False,False,False,True
0.7750000000000001,1.0,0.33814432989690724,0.6666666666666667,0.169179229480737,0.9025620334879968,0.2575360450249222,0.9131388245579919,0.6795307201403075,False,False,False,False,True,True,False,False,False,False,True,False,True,False,False,False,False,False,True,True,False,False,True,False,True,False,False,True,False,True,True,False,False,False,True,True,False,False,True,False,False,False,True,False,True,False,True,False,False,True,True,False,False,False,True,False,False,True,True,False,False,True,False,False,True
0.9750000000000001,1.0,0.4907216494845361,0.0,0.01507537688442212,0.45329836594714534,0.022116986510144765,0.8458632599237885,0.861678266026632,False,False,False,False,True,False,False,True,False,True,False,True,False,False,False,False,False,True,False,False,True,False,True,False,False,True,False,True,False,True,False,False,True,False,True,True,False,False,False,True,True,False,False,True,False,True,False,True,False,False,False,True,False,False,True,False,True,False,True,False,False,True,False,False,True
0.3500000000000001,0.0,0.6577319587628866,1.0,0.3768844221105527,0.7859592495460964,0.8960668432851028,0.01544155817022036,0.74441355224274,False,False,True,False,False,True,False,False,True,False,False,False,False,False,False,True,True,False,False,False,True,False,False,True,True,False,False,True,True,False,False,True,False,True,False,False,False,True,False,True,True,False,False,False,True,False,True,False,True,False,False,False,True,False,False,True,True,False,True,False,False,False,True,False,True
0.42500000000000004,1.0,0.030927835051546393,0.3333333333333333,0.7537688442211055,0.6574541053056283,0.42006603350369676,0.27328126682491793,0.5967728772664372,False,False,False,False,True,True,False,False,False,False,True,False,False,False,False,True,True,False,False,False,False,True,False,True,True,False,True,False,True,False,False,True,False,False,True,False,False,True,False,True,True,False,False,True,False,False,True,False,True,False,False,True,False,False,True,False,False,True,True,False,True,False,False,True,False
0.5,0.4,0.7896907216494845,1.0,0.43216080402010043,0.9675206778293323,0.11880851830852535,0.49729716481549047,0.8456245152853037,False,True,False,False,False,True,False,False,False,False,True,False,True,False,False,False,True,False,False,False,True,False,True,False,True,False,False,True,False,True,False,True,False,False,True,False,True,False,False,True,True,False,False,True,False,True,False,True,False,False,True,False,False,False,True,False,False,True,True,False,False,True,False,True,False
0.42500000000000004,0.0,0.18762886597938147,1.0,0.102177554438861,0.14746822675005045,0.7796614387340507,0.15635019615343201,0.6318170528332683,False,True,False,False,False,False,True,False,False,False,True,True,False,False,False,False,False,True,False,False,False,True,True,False,False,True,True,False,False,True,False,True,False,True,False,False,True,False,False,True,True,False,False,False,True,False,True,False,False,True,False,True,False,False,True,False,False,True,True,False,False,True,False,True,False
0.7750000000000001,0.20000000000000007,0.43711340206185567,0.6666666666666667,0.2512562814070351,0.406899334274763,0.8354980189276314,0.32905883317234985,0.48398908156386067,False,False,False,True,False,False,True,False,False,False,True,False,False,False,True,False,False,False,True,True,False,False,True,False,True,False,False,True,True,False,False,False,True,True,False,False,True,False,True,False,False,True,False,True,False,True,False,True,False,False,False,False,True,False,False,True,False,True,True,False,False,True,False,False,True
0.75,0.6,0.977319587628866,0.6666666666666667,0.3768844221105527,0.6485777688117812,0.15857591465280618,0.9497313638168035,0.20966261322681862,False,False,True,False,False,False,True,False,False,False,True,False,True,False,False,False,False,True,False,True,False,False,True,False,True,False,False,True,True,False,True,False,False,False,True,False,True,False,True,False,True,False,False,False,True,True,False,False,False,True,False,True,False,False,True,False,True,False,False,True,False,True,False,False,True
0.675,0.6,0.997938144329897,1.0,0.5443886097152428,0.5935041355658665,0.15220258524731622,0.4178413640257338,0.6963184493184849,True,False,False,False,False,False,True,False,False,False,True,True,False,False,False,False,False,False,True,False,False,True,False,True,False,True,False,True,False,True,True,False,False,True,False,False,True,False,True,False,False,False,True,False,True,False,True,True,False,False,True,False,False,False,False,True,False,True,True,False,False,True,False,True,False
0.7250000000000001,0.8000000000000002,0.15051546391752577,1.0,0.9229480737018423,0.1412144442202945,0.197769603738446,0.5865284940784324,0.328817524242071,False,False,False,False,True,True,False,False,False,True,False,False,True,False,False,False,True,False,False,False,True,False,False,True,False,True,True,False,False,True,True,False,False,True,False,False,True,False,True,False,False,False,True,True,False,True,False,True,False,False,True,False,False,True,False,False,False,True,False,True,False,False,True,True,False
0.15000000000000002,0.20000000000000007,0.5195876288659794,1.0,0.9614740368509211,0.3824894089166835,0.8862109157726451,0.31035876551106767,0.19540401761953763,False,False,False,True,False,True,False,False,True,False,False,False,False,True,False,False,False,False,True,False,False,True,True,False,False,True,True,False,False,True,True,False,False,False,True,False,True,False,True,False,False,True,False,False,True,False,True,False,True,False,False,True,False,False,False,True,False,True,False,True,True,False,False,False,True
0.5750000000000002,0.6,0.11340206185567012,0.6666666666666667,0.5979899497487438,0.6479725640508373,0.4886829013041919,0.592689929719053,0.8960784363420704,False,False,True,False,False,False,True,False,True,False,False,False,True,False,False,False,False,True,False,False,False,True,False,True,False,True,False,True,True,False,True,False,False,False,True,False,False,True,False,True,False,True,False,False,True,False,True,True,False,False,True,False,False,False,True,False,True,False,False,True,True,False,False,True,False
0.6500000000000001,0.8000000000000002,0.3855670103092784,0.3333333333333333,0.5561139028475712,0.8085535606213435,0.19582518675751814,0.31481942794877027,0.3316768974204307,False,False,False,False,True,False,True,False,False,True,False,False,True,False,False,False,False,True,False,False,False,True,True,False,False,True,False,True,True,False,False,False,True,True,False,True,False,False,False,True,False,True,False,True,False,True,False,False,False,True,False,True,False,True,False,False,True,False,True,False,False,False,True,False,True
0.9000000000000001,0.4,0.030927835051546393,1.0,0.5661641541038525,0.8178333669558201,0.805747295740375,0.19198004876112354,0.2820428728564839,False,True,False,False,False,False,True,False,False,True,False,True,False,False,False,False,False,False,True,True,False,False,False,True,False,True,False,True,True,False,True,False,False,False,True,False,True,False,False,True,True,False,False,False,True,True,False,False,True,False,False,True,False,True,False,False,True,False,False,True,False,True,False,False,True
0.375,0.8000000000000002,0.6948453608247422,0.3333333333333333,0.6180904522613064,0.3407302804115392,0.08166147774345395,0.9602200679184272,0.3701960655106168,False,False,False,True,False,True,False,False,True,False,False,True,False,False,False,False,False,True,False,False,True,False,False,True,False,True,False,True,True,False,True,False,False,True,False,False,True,False,True,False,True,False,False,False,True,False,True,True,False,False,True,False,False,True,False,False,False,True,False,True,False,False,True,False,True
0.5,0.6,0.4927835051546392,1.0,0.45226130653266333,0.15311680451886223,0.7252070020533742,0.468389243624009,0.7357588921386246,False,False,False,True,False,True,False,False,True,False,False,False,False,False,True,False,False,True,False,False,True,False,True,False,False,True,True,False,True,False,False,True,False,False,True,False,False,True,False,True,True,False,False,True,False,True,False,False,True,False,False,False,True,True,False,False,False,True,True,False,False,False,True,True,False
0.42500000000000004,0.4,0.5505154639175257,0.0,0.045226130653266305,0.7587250353036111,0.17317350239201623,0.26575374829038745,0.46636878361322176,False,False,True,False,False,False,False,True,False,True,False,True,False,False,False,False,False,False,True,False,True,False,False,True,False,True,False,True,True,False,False,False,True,False,True,False,False,True,True,False,False,False,True,True,False,False,True,False,False,True,False,True,False,True,False,False,False,True,True,False,True,False,False,False,True
0.07500000000000007,0.4,0.731958762886598,0.0,0.0,0.7873713939882995,0.18510970722097686,1.0,0.2377167593432718,True,False,False,False,False,True,False,False,False,True,False,False,True,False,False,False,False,True,False,True,False,False,False,True,False,True,False,True,False,True,True,False,False,True,False,True,False,False,True,False,True,False,False,False,True,True,False,False,True,False,True,False,False,True,False,False,False,True,False,True,False,False,True,True,False
0.5750000000000002,0.6,0.7793814432989691,0.0,0.6113902847571189,0.2705265281420214,0.49328601089169444,0.3585626075790279,0.6649360556769278,False,False,True,False,False,False,True,False,False,True,False,False,False,True,False,False,True,False,False,False,False,True,True,False,True,False,True,False,True,False,False,False,True,False,True,True,False,False,False,True,False,False,True,True,False,True,False,True,False,False,False,True,False,False,True,False,False,True,True,False,True,False,False,False,True
0.375,0.8000000000000002,0.7257731958762886,0.3333333333333333,0.5192629815745393,0.8414363526326406,0.5505000265667488,0.49757118497244535,0.6841659865876593,False,False,False,False,True,True,False,False,False,False,True,False,False,False,False,True,False,True,False,False,True,False,False,True,True,False,False,True,True,False,False,True,False,False,True,True,False,False,True,False,True,False,False,False,True,False,True,True,False,False,False,True,False,False,True,False,True,False,True,False,False,True,False,False,True
0.75,0.8000000000000002,0.06597938144329897,1.0,0.5075376884422109,0.8273149082106112,0.5953877433800033,0.6774441231917482,0.084892615102316,False,True,False,False,False,False,True,False,False,False,True,False,False,True,False,False,True,False,False,True,False,False,True,False,True,False,True,False,False,True,False,True,False,False,True,False,False,True,False,True,False,False,True,True,False,True,False,False,False,True,False,False,True,False,False,True,False,True,True,False,True,False,False,True,False
0.375,0.0,0.931958762886598,0.0,0.30988274706867663,0.2894896106516037,0.01580149863366198,0.23074867771211652,0.7429831053167817,False,True,False,False,False,False,True,False,False,True,False,False,True,False,False,False,False,True,False,False,False,True,False,True,True,False,False,True,True,False,False,True,False,True,False,True,False,False,True,False,False,False,True,True,False,False,True,False,True,False,False,True,False,True,False,False,True,False,False,True,False,True,False,False,True
0.7750000000000001,0.4,0.053608247422680416,0.6666666666666667,0.7755443886097151,0.947750655638491,0.3201004021331417,0.8570008534000195,0.0,True,False,False,False,False,True,False,False,True,False,False,False,False,True,False,False,False,False,True,True,False,False,False,True,True,False,False,True,False,True,False,False,True,True,False,False,True,False,True,False,False,False,True,False,True,False,True,False,False,True,False,False,True,False,False,True,True,False,False,True,False,True,False,False,True
0.6500000000000001,0.0,0.5752577319587628,0.3333333333333333,0.2227805695142378,0.8517248335686908,0.5634397146663922,0.11567266725274303,0.9295355356065713,False,False,True,False,False,False,False,True,False,True,False,True,False,False,False,False,False,True,False,True,False,False,False,True,False,True,True,False,True,False,False,True,False,False,True,False,False,True,True,False,False,False,True,True,False,False,True,True,False,False,False,False,True,True,False,False,False,True,True,False,False,True,False,True,False
0.30000000000000004,0.20000000000000007,0.004123711340206185,0.6666666666666667,0.6381909547738693,0.01513011902360295,0.0,0.6336242018459798,0.8997865988108333,False,False,False,False,True,False,True,False,False,False,True,False,False,False,False,True,True,False,False,False,False,True,True,False,False,True,False,True,False,True,True,False,False,False,True,False,True,False,True,False,False,False,True,False,True,True,False,False,True,False,True,False,False,False,True,False,True,False,True,False,False,True,False,False,True
0.925,0.20000000000000007,0.6412371134020619,0.0,0.4355108877721943,0.2152511599757918,0.4093445007838872,0.4393447141431366,0.9018144169991027,False,True,False,False,False,True,False,False,False,False,True,False,False,False,False,True,False,True,False,False,False,True,False,True,False,True,True,False,True,False,False,True,False,True,False,False,True,False,False,True,False,False,True,False,True,False,True,False,False,True,True,False,False,False,True,False,False,True,False,True,False,True,False,True,False
0.5,0.8000000000000002,0.3608247422680413,0.6666666666666667,0.8542713567839195,0.14867863627193867,0.965613883581144,0.512187066570023,0.8757414550818376,True,False,False,False,False,False,True,False,False,True,False,False,True,False,False,False,False,False,True,False,True,False,False,True,True,False,False,True,True,False,False,False,True,False,True,False,False,True,False,True,False,True,False,True,False,False,True,False,False,True,False,True,False,True,False,False,False,True,False,True,False,True,False,True,False
0.875,0.0,0.4639175257731959,0.3333333333333333,0.12897822445561136,0.6612870687916078,0.9659387377498704,0.1411412738642628,0.6162960447280782,False,False,False,False,True,False,True,False,False,True,False,False,False,False,False,True,True,False,False,True,False,False,True,False,False,True,False,True,False,True,False,False,True,False,True,False,False,True,True,False,False,False,True,False,True,True,False,False,True,False,True,False,False,True,False,False,False,True,False,True,True,False,False,True,False
0.625,0.6,0.6886597938144331,0.6666666666666667,0.2797319932998325,0.24490619326205365,0.8641309209380282,0.4137190079988171,0.68534450859434,True,False,False,False,False,False,True,False,False,True,False,False,False,False,True,False,True,False,False,True,False,False,False,True,False,True,True,False,True,False,True,False,False,True,False,True,False,False,False,True,False,True,False,True,False,False,True,True,False,False,True,False,False,False,False,True,False,True,False,True,False,True,False,True,False
0.75,0.4,0.9195876288659794,0.3333333333333333,0.02512562814070357,0.9860802904982852,0.03926969016445153,0.4729511569114955,0.059553631621899694,False,False,False,False,True,False,False,True,True,False,False,False,False,False,True,False,False,False,True,False,True,False,False,True,False,True,True,False,False,True,False,False,True,False,True,True,False,False,False,True,False,True,False,False,True,False,True,False,False,True,False,True,False,True,False,False,False,True,False,True,False,False,True,True,False
0.55,1.0,0.7051546391752577,0.3333333333333333,0.8391959798994972,0.8127899939479525,0.2455594856408404,0.826012066529844,0.03762602582103697,False,False,False,False,True,False,True,False,True,False,False,True,False,False,False,False,True,False,False,False,False,True,True,False,True,False,False,True,False,True,True,False,False,False,True,True,False,False,True,False,False,False,True,True,False,False,True,False,True,False,False,True,False,False,False,True,False,True,True,False,False,False,True,False,True
0.2250000000000001,0.20000000000000007,0.7793814432989691,1.0,0.5879396984924623,0.5555779705467015,0.4529671022940892,0.22946777410453265,0.16470060472118447,False,False,False,False,True,True,False,False,True,False,False,False,False,False,True,False,True,False,False,False,True,False,True,False,False,True,True,False,True,False,False,False,True,True,False,True,False,False,False,True,False,True,False,True,False,True,False,False,True,False,True,False,False,False,False,True,False,True,True,False,True,False,False,False,True
0.275,0.8000000000000002,0.22061855670103092,0.6666666666666667,0.7470686767169177,0.3925761549324188,0.4486168812520135,0.2824440669412761,0.6735537127244894,False,False,False,False,True,False,False,True,True,False,False,False,False,False,False,True,False,False,True,True,False,False,True,False,True,False,True,False,True,False,False,False,True,True,False,True,False,False,False,True,True,False,False,False,True,True,False,True,False,False,True,False,False,False,False,True,False,True,False,True,False,True,False,True,False
0.6500000000000001,0.6,0.888659793814433,1.0,0.7906197654941374,0.9546096429291911,0.22736361673664818,0.7600370931684605,0.07562461666354081,False,False,False,True,False,False,False,True,False,False,True,True,False,False,False,False,False,False,True,True,False,False,False,True,True,False,True,False,False,True,False,True,False,True,False,True,False,False,False,True,False,True,False,False,True,True,False,False,True,False,False,False,True,False,True,False,False,True,True,False,True,False,False,True,False
0.025000000000000022,0.20000000000000007,0.6123711340206186,0.6666666666666667,0.20435510887772196,0.3132943312487392,0.9813292924972138,0.9333202885809935,0.7648161759115171,True,False,False,False,False,True,False,False,False,False,True,False,False,True,False,False,True,False,False,True,False,False,True,False,False,True,True,False,True,False,False,False,True,False,True,True,False,False,True,False,True,False,False,True,False,False,True,False,True,False,False,True,False,False,True,False,True,False,False,True,False,True,False,True,False
0.30000000000000004,0.20000000000000007,0.1711340206185567,0.6666666666666667,0.7872696817420435,0.7774863828928787,0.9303305508867578,0.4461084316243369,0.09415047571737772,False,True,False,False,False,False,True,False,False,False,True,False,False,False,False,True,False,False,True,True,False,False,True,False,False,True,False,True,True,False,False,True,False,True,False,True,False,False,True,False,False,False,True,True,False,True,False,True,False,False,False,True,False,False,True,False,True,False,False,True,False,False,True,False,True
0.125,0.6,0.9793814432989693,1.0,0.8207705192629815,0.6911438369981843,0.805747295740375,0.3966260966833115,0.5035495055276483,False,False,True,False,False,True,False,False,True,False,False,False,False,True,False,False,False,True,False,True,False,False,True,False,False,True,False,True,True,False,True,False,False,False,True,False,False,True,False,True,False,False,True,True,False,False,True,False,True,False,True,False,False,False,True,False,False,True,False,True,False,True,False,False,True
0.675,0.20000000000000007,0.841237113402062,0.0,0.38860971524288107,0.6560419608634255,0.387517394494697,0.8753079713347593,0.4843033540989756,False,False,False,True,False,True,False,False,False,False,True,False,False,False,True,False,False,True,False,True,False,False,True,False,True,False,True,False,False,True,False,True,False,False,True,True,False,False,False,True,False,False,True,False,True,True,False,False,False,True,False,True,False,True,False,False,True,False,True,False,True,False,False,True,False
0.9000000000000001,0.0,0.1711340206185567,1.0,0.036850921273031856,0.5471051038934839,0.06746205494810736,0.800365869142116,0.9761426594552947,False,False,False,False,True,False,False,True,False,False,True,False,False,True,False,False,False,True,False,False,False,True,False,True,False,True,True,False,False,True,False,True,False,True,False,False,True,False,True,False,False,True,False,False,True,False,True,False,True,False,False,True,False,False,False,True,True,False,True,False,False,True,False,True,False
0.9500000000000002,0.6,0.21237113402061855,0.0,0.5159128978224454,0.2620536614888037,0.4367748370516693,0.8535804229071209,0.42607904461149326,False,True,False,False,False,False,True,False,False,False,True,False,True,False,False,False,False,True,False,False,True,False,False,True,True,False,False,True,False,True,False,False,True,False,True,True,False,False,False,True,False,False,True,True,False,False,True,True,False,False,False,False,True,False,True,False,True,False,True,False,False,True,False,True,False
1.0,0.0,0.243298969072165,1.0,0.5879396984924623,0.57736534194069,0.22857223566253093,0.43541642224497246,0.793436012591177,False,True,False,False,False,True,False,False,False,False,True,True,False,False,False,False,False,False,True,True,False,False,True,False,True,False,True,False,False,True,False,True,False,False,True,True,False,False,False,True,False,False,True,False,True,False,True,True,False,False,False,False,True,True,False,False,False,True,False,True,False,True,False,False,True
0.275,0.20000000000000007,0.2536082474226804,0.6666666666666667,0.4589614740368509,0.35989509784143636,0.4241115776546067,0.8769082972660662,0.8735349577506197,False,False,False,False,True,False,True,False,False,False,True,False,False,False,True,False,False,False,True,False,True,False,True,False,False,True,False,True,False,True,True,False,False,True,False,False,False,True,True,False,False,True,False,False,True,True,False,False,True,False,False,True,False,True,False,False,True,False,True,False,False,True,False,True,False
0.30000000000000004,0.20000000000000007,0.9072164948453608,0.3333333333333333,0.7236180904522611,0.8212628606011702,0.36385684625116266,0.7048935499994375,0.42736933612461414,False,False,False,True,False,True,False,False,True,False,False,False,True,False,False,False,False,True,False,False,True,False,True,False,False,True,False,True,False,True,False,True,False,False,True,False,False,True,True,False,True,False,False,True,False,True,False,False,True,False,False,False,True,False,False,True,False,True,True,False,False,False,True,True,False
0.20000000000000007,0.8000000000000002,0.7690721649484537,0.3333333333333333,0.35510887772194305,0.5067581198305428,0.46525842720811716,0.6258849404628932,0.27425119499597017,False,False,True,False,False,True,False,False,False,True,False,False,False,False,True,False,False,True,False,True,False,False,True,False,False,True,True,False,False,True,False,True,False,False,True,False,False,True,False,True,False,True,False,False,True,False,True,False,False,True,False,True,False,False,False,True,True,False,True,False,False,False,True,False,True
0.20000000000000007,0.6,0.9958762886597939,0.3333333333333333,0.7805695142378559,0.8051240669759935,0.8880053483237055,0.29750472905754743,0.3304372950258768,False,False,False,True,False,False,False,True,False,False,True,False,False,True,False,False,False,False,True,False,False,True,True,False,True,False,False,True,True,False,False,True,False,False,True,True,False,False,False,True,False,True,False,False,True,False,True,False,False,True,False,True,False,False,False,True,True,False,True,False,False,True,False,True,False
0.6000000000000001,0.8000000000000002,0.20000000000000004,0.3333333333333333,0.01675041876046901,0.0060520476094411135,0.31708389913782487,0.5798230360147666,0.3290321926592018,False,True,False,False,False,False,True,False,False,False,True,False,False,False,False,True,False,False,True,False,False,True,False,True,True,False,False,True,True,False,True,False,False,True,False,True,False,False,False,True,False,False,True,True,False,True,False,True,False,False,False,False,True,False,False,True,True,False,True,False,True,False,False,False,True
0.5250000000000001,0.20000000000000007,0.16494845360824745,0.3333333333333333,0.21105527638190952,0.03550534597538835,0.17165684369537415,0.6173051363109655,0.753199243718351,True,False,False,False,False,False,False,True,False,False,True,False,False,False,False,True,True,False,False,True,False,False,False,True,True,False,True,False,True,False,True,False,False,False,True,False,False,True,False,True,True,False,False,False,True,False,True,False,True,False,False,False,True,False,True,False,True,False,True,False,False,True,False,False,True
0.875,1.0,0.15257731958762888,0.0,0.6633165829145728,0.44543070405487184,0.5886888872298682,0.17632031911696402,0.5410984838884637,False,False,True,False,False,False,False,True,True,False,False,False,False,False,False,True,False,False,True,False,True,False,False,True,True,False,True,False,False,True,False,False,True,True,False,True,False,False,False,True,False,True,False,False,True,True,False,False,False,True,False,True,False,True,False,False,False,True,False,True,True,False,False,True,False
0.32500000000000007,0.20000000000000007,0.0,1.0,0.1474036850921273,0.1480734315109945,0.14080713145698098,0.4307520527404427,0.6822174968699469,True,False,False,False,False,False,False,True,True,False,False,False,False,False,False,True,True,False,False,False,False,True,False,True,True,False,True,False,True,False,False,True,False,True,False,True,False,False,False,True,False,False,True,False,True,True,False,True,False,False,False,False,True,True,False,False,True,False,False,True,False,False,True,False,True
0.0,1.0,0.1711340206185567,0.0,0.373534338358459,0.565664716562437,0.15849722327031968,0.6749164680489282,0.4227467419569041,False,False,False,True,False,True,False,False,False,False,True,False,True,False,False,False,False,True,False,False,True,False,False,True,False,True,True,False,True,False,True,False,False,True,False,False,True,False,False,True,False,False,True,False,True,False,True,False,True,False,True,False,False,True,False,False,True,False,True,False,False,False,True,True,False
0.55,1.0,0.88659793814433,0.0,0.8911222780569512,0.7276578575751463,0.08727277863307015,0.4403925800805828,0.6935247185486692,False,False,False,False,True,False,True,False,True,False,False,False,False,True,False,False,False,False,True,False,True,False,False,True,False,True,False,True,False,True,True,False,False,True,False,False,False,True,False,True,False,True,False,False,True,True,False,True,False,False,False,False,True,False,False,True,True,False,False,True,True,False,False,False,True
0.0,0.6,0.8577319587628865,0.3333333333333333,0.3316582914572865,0.4589469437159571,0.7129580494222235,0.3748266280091994,0.5824615649758467,False,False,False,True,False,True,False,False,False,True,False,False,False,False,False,True,False,False,True,False,True,False,False,True,False,True,True,False,False,True,False,False,True,True,False,False,True,False,True,False,False,False,True,True,False,True,False,True,False,False,True,False,False,True,False,False,False,True,False,True,False,True,False,True,False
0.050000000000000044,0.0,0.8329896907216496,0.3333333333333333,0.6566164154103851,0.7532781924551141,0.5104299710590582,0.09098192431257904,0.8653261084443002,False,False,False,False,True,True,False,False,True,False,False,True,False,False,False,False,False,True,False,False,True,False,True,False,True,False,True,False,True,False,True,False,False,True,False,False,False,True,True,False,True,False,False,True,False,False,True,False,True,False,False,False,True,False,True,False,False,True,True,False,False,True,False,True,False
0.875,1.0,0.10515463917525775,1.0,0.10552763819095479,0.32297760742384507,0.16824890151538074,0.661635329796518,0.22644704761228907,False,False,False,False,True,False,False,True,False,True,False,False,True,False,False,False,True,False,False,False,False,True,False,True,False,True,False,True,True,False,False,False,True,True,False,True,False,False,False,True,False,True,False,True,False,False,True,True,False,False,True,False,False,False,False,True,False,True,True,False,True,False,False,True,False
0.8,0.8000000000000002,0.1731958762886598,0.6666666666666667,0.5041876046901173,0.6350615291506959,0.8569195619378526,0.41785422127649996,0.28810960001216535,False,False,False,True,False,True,False,False,False,True,False,False,False,False,False,True,False,False,True,False,False,True,True,False,False,True,True,False,True,False,False,True,False,False,True,True,False,False,True,False,True,False,False,True,False,True,False,False,False,True,False,False,True,False,False,True,False,True,False,True,False,False,True,True,False
0.55,1.0,0.9835051546391752,0.6666666666666667,0.7118927973199329,0.581400040346984,0.8199823650594119,0.9611702991078674,0.9993577688677571,False,False,False,True,False,True,False,False,False,True,False,True,False,False,False,False,False,True,False,False,False,True,True,False,False,True,True,False,True,False,False,False,True,False,True,True,False,False,True,False,False,False,True,False,True,False,True,False,True,False,False,True,False,False,True,False,True,False,True,False,False,False,True,False,True
0.44999999999999996,0.0,0.3608247422680413,0.3333333333333333,0.743718592964824,0.9267702239257615,0.333064302965858,0.8605353919934684,0.8310098286200902,False,False,False,True,False,True,False,False,False,False,True,False,False,False,False,True,False,True,False,False,False,True,True,False,False,True,False,True,True,False,False,True,False,True,False,False,False,True,True,False,True,False,False,False,True,False,True,False,False,True,False,True,False,False,True,False,True,False,False,True,True,False,False,True,False
0.925,0.8000000000000002,0.19587628865979384,0.3333333333333333,0.9865996649916247,0.12245309663102677,0.24307431762128728,0.865463736927792,0.12414601507494383,False,False,False,False,True,True,False,False,True,False,False,False,False,True,False,False,False,False,True,False,True,False,False,True,False,True,False,True,True,False,False,True,False,True,False,True,False,False,False,True,True,False,False,True,False,False,True,True,False,False,False,True,False,False,False,True,False,True,False,True,False,False,True,True,False
0.9500000000000002,0.8000000000000002,0.8494845360824743,0.6666666666666667,0.07202680067001677,0.5245107928182368,0.25728382905541414,0.8768552611066558,0.06974290479062861,False,True,False,False,False,True,False,False,False,False,True,False,True,False,False,False,False,True,False,False,False,True,False,True,True,False,True,False,True,False,False,False,True,True,False,True,False,False,False,True,True,False,False,True,False,True,False,True,False,False,False,True,False,False,True,False,True,False,False,True,False,False,True,True,False
0.7000000000000002,0.8000000000000002,0.9257731958762886,1.0,0.9195979899497486,0.18660480129110346,0.35985703726272356,0.9099377709062915,0.766875674798891,False,False,False,True,False,True,False,False,False,True,False,False,False,False,False,True,False,True,False,False,True,False,True,False,False,True,False,True,True,False,True,False,False,True,False,False,True,False,False,True,False,True,False,False,True,True,False,False,False,True,True,False,False,False,True,False,False,True,False,True,True,False,False,False,True
0.32500000000000007,0.6,0.841237113402062,1.0,0.6482412060301508,0.11841839822473266,0.03144090647092013,0.773414259012531,0.7593204616764919,False,False,False,True,False,True,False,False,False,True,False,True,False,False,False,False,False,True,False,False,False,True,False,True,False,True,False,True,False,True,False,False,True,False,True,True,False,False,True,False,True,False,False,False,True,False,True,True,False,False,False,True,False,True,False,False,True,False,True,False,False,True,False,True,False
0.025000000000000022,0.0,0.5381443298969073,0.0,0.7035175879396984,0.11922533790599144,0.7071860028880409,0.1783782828177308,0.3053738069048717,True,False,False,False,False,True,False,False,True,False,False,True,False,False,False,False,True,False,False,False,False,True,True,False,False,True,False,True,True,False,False,True,False,True,False,False,True,False,False,True,False,True,False,False,True,False,True,False,True,False,False,False,True,True,False,False,True,False,False,True,False,True,False,True,False
0.0,0.20000000000000007,0.12164948453608249,0.0,0.304857621440536,0.5674803308452693,0.5799844096902048,0.8632828257665734,0.14870337234705827,False,False,False,False,True,True,False,False,False,True,False,True,False,False,False,False,False,True,False,False,True,False,False,True,True,False,False,True,False,True,True,False,False,True,False,True,False,False,False,True,False,False,True,False,True,True,False,False,False,True,False,False,True,False,True,False,True,False,False,True,False,True,False,False,True
0.30000000000000004,0.4,0.3587628865979382,0.0,0.9028475711892796,0.5245107928182368,0.6335712234357733,0.5528533453762916,0.6524586756960883,False,False,False,False,True,False,False,True,True,False,False,False,False,True,False,False,True,False,False,False,True,False,True,False,False,True,False,True,True,False,False,True,False,True,False,True,False,False,False,True,False,True,False,False,True,False,True,False,False,True,False,False,True,False,False,True,True,False,True,False,False,True,False,False,True
0.5250000000000001,0.6,0.3608247422680413,0.3333333333333333,0.6465661641541038,0.13475892677022383,0.19540886226385012,0.9072088194311632,0.2060821873368444,True,False,False,False,False,False,False,True,False,False,True,False,True,False,False,False,False,True,False,True,False,False,True,False,False,True,False,True,False,True,False,False,True,False,True,False,False,True,True,False,True,False,False,False,True,False,True,False,False,True,False,True,False,False,False,True,True,False,False,True,False,True,False,True,False
0.3500000000000001,0.4,0.13402061855670105,0.6666666666666667,0.5025125628140703,0.39398829937462176,0.7231240344331967,0.2360723831075011,0.4716143470481192,False,False,False,False,True,True,False,False,True,False,False,True,False,False,False,False,True,False,False,False,True,False,False,True,True,False,False,True,False,True,True,False,False,True,False,False,True,False,False,True,False,False,True,True,False,False,True,False,True,False,False,True,False,True,False,False,False,True,False,True,True,False,False,False,True
0.8250000000000002,0.6,0.9257731958762886,0.0,0.7051926298157452,0.8610046399031673,0.3693430480199028,0.9746406800199929,0.5759287513749424,False,False,True,False,False,False,False,True,False,True,False,False,False,False,False,True,False,True,False,False,True,False,True,False,True,False,True,False,True,False,False,True,False,False,True,False,False,True,True,False,False,True,False,False,True,True,False,True,False,False,False,True,False,True,False,False,True,False,False,True,True,False,False,False,True
0.7000000000000002,0.0,0.5175257731958763,0.3333333333333333,0.3618090452261306,0.1948759330240064,0.5827473515641761,0.5560194433774712,0.7629214166594858,False,False,False,True,False,False,True,False,False,False,True,False,False,True,False,False,True,False,False,True,False,False,False,True,True,False,True,False,True,False,False,True,False,False,True,False,False,True,False,True,True,False,False,True,False,False,True,False,True,False,True,False,False,False,True,False,False,True,False,True,True,False,False,False,True
0.9000000000000001,0.20000000000000007,0.25979381443298977,0.0,0.8810720268006698,0.46782328020980424,0.30344136920315223,0.7565250547638525,0.642023306856717,False,False,False,True,False,False,True,False,False,True,False,True,False,False,False,False,False,False,True,False,False,True,False,True,False,True,True,False,False,True,False,False,True,True,False,False,False,True,False,True,True,False,False,False,True,True,False,False,True,False,False,False,True,False,False,True,True,False,True,False,True,False,False,False,True
0.3500000000000001,0.20000000000000007,0.10721649484536083,1.0,0.829145728643216,1.0,0.2481906026347489,0.8014631551371949,0.9557040465123352,True,False,False,False,False,False,False,True,False,True,False,True,False,False,False,False,False,True,False,False,False,True,False,True,True,False,False,True,False,True,False,True,False,False,True,False,False,True,False,True,True,False,False,True,False,True,False,True,False,False,True,False,False,False,False,True,True,False,False,True,False,True,False,True,False
0.55,1.0,0.5793814432989691,0.3333333333333333,0.9128978224455611,0.13778495057494444,0.8418249405947319,0.9158255881790436,0.4316723353997597,False,False,False,False,True,True,False,False,False,False,True,False,False,True,False,False,False,False,True,False,True,False,True,False,False,True,False,True,False,True,True,False,False,False,True,False,False,True,False,True,True,False,False,False,True,True,False,False,False,True,True,False,False,False,False,True,True,False,True,False,False,True,False,False,True
0.2250000000000001,0.8000000000000002,0.2536082474226804,0.6666666666666667,0.9949748743718592,0.6560419608634255,0.5807935185203867,0.9299372244731339,0.8304583310100822,True,False,False,False,False,True,False,False,True,False,False,False,True,False,False,False,False,True,False,False,True,False,False,True,False,True,False,True,True,False,True,False,False,True,False,False,True,False,True,False,True,False,False,True,False,True,False,False,False,True,True,False,False,False,False,True,False,True,False,True,False,True,False,False,True
0.15000000000000002,0.6,0.7917525773195877,0.0,0.1591289782244556,0.008069396812588225,0.2029222078515167,0.794384033223136,0.9814863063346191,False,False,False,True,False,True,False,False,True,False,False,True,False,False,False,False,False,True,False,False,False,True,False,True,False,True,False,True,False,True,False,True,False,False,True,False,True,False,False,True,True,False,False,False,True,True,False,True,False,False,False,False,True,False,False,True,True,False,False,True,False,False,True,True,False
0.7000000000000002,1.0,0.9381443298969073,0.3333333333333333,0.6164154103852597,0.058906596731894245,0.3354075574665679,0.0,0.1646377502141615,False,True,False,False,False,False,True,False,True,False,False,False,False,False,True,False,True,False,False,True,False,False,True,False,True,False,True,False,True,False,False,True,False,True,False,False,True,False,False,True,True,False,False,False,True,False,True,False,True,False,False,False,True,True,False,False,True,False,True,False,False,True,False,False,True
0.9500000000000002,0.6,0.5793814432989691,0.0,0.5594639865996649,0.8307444018559612,0.4774576092212849,0.1967026776831877,0.8508193896016343,False,False,False,True,False,False,False,True,False,False,True,False,False,True,False,False,False,False,True,False,False,True,True,False,False,True,True,False,True,False,False,True,False,True,False,True,False,False,True,False,False,True,False,True,False,False,True,True,False,False,True,False,False,True,False,False,False,True,True,False,True,False,False,False,True
0.3500000000000001,0.4,0.5195876288659794,0.0,0.3986599664991624,0.5644543070405487,0.780128878997539,0.3003047972009766,0.5038612436068349,False,False,True,False,False,False,False,True,False,True,False,False,False,False,True,False,True,False,False,False,True,False,False,True,False,True,True,False,False,True,True,False,False,True,False,True,False,False,False,True,False,True,False,False,True,False,True,False,False,True,True,False,False,True,False,False,False,True,False,True,False,False,True,False,True
0.9750000000000001,0.0,0.11958762886597937,0.0,0.8509212730318256,0.6126689529957635,0.6923805891899563,0.9677106218570048,0.9207949574464849,False,False,True,False,False,False,True,False,False,True,False,False,True,False,False,False,False,True,False,True,False,False,True,False,False,True,True,False,False,True,True,False,False,True,False,False,True,False,False,True,True,False,False,False,True,False,True,False,False,True,False,True,False,True,False,False,False,True,True,False,False,True,False,False,True
0.7250000000000001,0.8000000000000002,0.4618556701030928,0.3333333333333333,0.38023450586264657,0.16582610449868873,0.5079757415317647,0.43717023160730095,0.19621783141812948,False,True,False,False,False,True,False,False,True,False,False,False,False,False,False,True,True,False,False,False,False,True,True,False,False,True,False,True,True,False,False,True,False,True,False,False,True,False,False,True,False,True,False,True,False,False,True,True,False,False,False,False,True,True,False,False,True,False,True,False,False,True,False,True,False
0.275,0.8000000000000002,0.6907216494845361,1.0,0.8592964824120601,0.3233810772644744,0.20887450473190783,0.7966059268711719,0.8537175399556978,False,False,False,False,True,False,True,False,False,True,False,False,False,False,True,False,True,False,False,False,False,True,False,True,True,False,False,True,True,False,False,True,False,False,True,False,False,True,True,False,False,True,False,True,False,True,False,False,False,True,False,False,True,False,True,False,True,False,False,True,True,False,False,False,True
0.07500000000000007,0.6,0.845360824742268,0.6666666666666667,0.3618090452261306,0.9253580794835586,0.48334533881348185,0.032943088986639724,0.4349828417333651,False,False,False,True,False,False,False,True,False,True,False,False,True,False,False,False,False,True,False,False,True,False,True,False,True,False,True,False,False,True,True,False,False,False,True,False,True,False,True,False,False,True,False,True,False,True,False,False,True,False,False,True,False,False,False,True,True,False,True,False,True,False,False,False,True
0.25,1.0,0.6164948453608248,0.6666666666666667,0.22780569514237853,0.5228969134557192,0.9999999999999999,0.45026735045811994,0.6408105696950036,False,False,True,False,False,False,False,True,False,False,True,False,False,False,False,True,True,False,False,True,False,False,True,False,False,True,True,False,True,False,False,True,False,True,False,False,True,False,False,True,False,False,True,False,True,False,True,False,False,True,True,False,False,False,False,True,True,False,False,True,False,False,True,False,True
0.625,0.0,0.9443298969072166,1.0,0.5242881072026799,0.13677627597337094,0.3681250130311584,0.26118821890112287,0.08689483528570918,False,True,False,False,False,False,True,False,False,False,True,True,False,False,False,False,True,False,False,True,False,False,False,True,False,True,True,False,False,True,False,False,True,True,False,False,True,False,False,True,False,False,True,False,True,False,True,False,True,False,False,False,True,True,False,False,True,False,True,False,False,True,False,True,False
0.875,1.0,0.5422680412371135,1.0,0.5242881072026799,0.8813798668549525,0.4876161958971523,0.8112077458507241,0.5709518402684496,True,False,False,False,False,False,True,False,True,False,False,True,False,False,False,False,False,False,True,False,False,True,True,False,True,False,False,True,True,False,False,True,False,True,False,False,True,False,True,False,False,False,True,True,False,False,True,False,True,False,False,False,True,False,True,False,True,False,True,False,False,True,False,False,True
0.7750000000000001,0.0,0.7711340206185567,0.6666666666666667,0.18760469011725295,0.9257615493241881,0.5547332193989727,0.4206474590054595,0.17082942604711043,True,False,False,False,False,False,False,True,False,False,True,True,False,False,False,False,True,False,False,True,False,False,True,False,False,True,True,False,False,True,False,True,False,False,True,False,True,False,False,True,True,False,False,True,False,True,False,False,False,True,False,False,True,False,False,True,True,False,True,False,False,False,True,False,True
0.275,0.0,0.6412371134020619,1.0,0.18760469011725295,0.03126891264877951,0.06794294672996948,0.9010622499867409,0.02079521089207781,False,False,False,True,False,False,False,True,True,False,False,False,True,False,False,False,False,False,True,False,False,True,False,True,True,False,False,True,True,False,False,True,False,False,True,False,False,True,True,False,True,False,False,False,True,False,True,False,True,False,True,False,False,False,True,False,True,False,False,True,False,True,False,True,False
0.4750000000000001,0.6,0.7010309278350515,0.0,0.2663316582914573,0.6477708291305225,0.7641067754625473,0.7918194134843631,0.19031939213609012,True,False,False,False,False,False,False,True,False,True,False,False,False,False,True,False,True,False,False,True,False,False,False,True,True,False,True,False,True,False,False,False,True,False,True,False,False,True,False,True,False,True,False,True,False,False,True,False,False,True,True,False,False,False,True,False,True,False,False,True,True,False,False,False,True
0.75,0.4,0.9443298969072166,0.0,0.25293132328308204,0.4930401452491425,0.5063171693162795,0.08729510765536783,0.9153615908272972,True,False,False,False,False,True,False,False,False,True,False,False,False,False,False,True,False,True,False,False,False,True,False,True,True,False,False,True,False,True,True,False,False,True,False,False,True,False,False,True,False,False,True,True,False,False,True,True,False,False,True,False,False,False,True,False,False,True,True,False,True,False,False,False,True
0.5750000000000002,0.20000000000000007,0.5030927835051546,0.0,0.058626465661641536,0.25358079483558604,0.17541654308084154,0.8216414048475049,0.24460921224040832,False,True,False,False,False,False,True,False,True,False,False,True,False,False,False,False,False,False,True,False,False,True,False,True,False,True,True,False,True,False,True,False,False,False,True,True,False,False,True,False,False,True,False,False,True,True,False,False,True,False,False,True,False,False,False,True,True,False,True,False,True,False,False,True,False
0.30000000000000004,0.8000000000000002,0.34845360824742266,0.3333333333333333,0.0670016750418761,0.2553964091184183,0.41498203213433227,0.44331880999715534,0.573011846047009,False,False,False,False,True,False,True,False,True,False,False,False,True,False,False,False,False,False,True,False,False,True,True,False,False,True,True,False,False,True,True,False,False,True,False,False,False,True,False,True,False,False,True,True,False,False,True,True,False,False,False,False,True,False,True,False,True,False,False,True,True,False,False,True,False
0.875,0.4,0.3237113402061855,0.0,0.041876046901172526,0.21383901553358886,0.0420487738604714,0.3400646398282271,0.1110720241685717,False,False,False,True,False,True,False,False,True,False,False,False,False,False,True,False,True,False,False,True,False,False,False,True,False,True,False,True,False,True,False,False,True,True,False,False,False,True,True,False,True,False,False,True,False,False,True,True,False,False,True,False,False,False,False,True,False,True,False,True,False,False,True,True,False
0.125,0.0,0.3628865979381444,0.0,0.8257956448911221,0.43857171676417195,0.09721950389455081,0.5116639371794728,0.08011693979653389,True,False,False,False,False,True,False,False,True,False,False,False,True,False,False,False,False,False,True,False,False,True,False,True,True,False,False,True,False,True,True,False,False,False,True,False,False,True,True,False,False,False,True,False,True,False,True,False,False,True,False,False,True,False,True,False,True,False,False,True,True,False,False,True,False
0.7250000000000001,0.20000000000000007,0.797938144329897,0.3333333333333333,0.5343383584589614,0.9907201936655236,0.49488875930592857,0.5306231588015113,0.5820213299810929,True,False,False,False,False,False,True,False,True,False,False,False,True,False,False,False,False,True,False,False,True,False,True,False,False,True,True,False,True,False,True,False,False,True,False,False,False,True,True,False,True,False,False,False,True,False,True,True,False,False,False,False,True,False,False,True,True,False,True,False,False,True,False,True,False
0.625,0.0,0.9917525773195878,0.6666666666666667,0.005025125628140725,0.3659471454508775,0.44210836408686716,0.03608789216623784,0.8174200759322996,False,True,False,False,False,True,False,False,True,False,False,False,False,False,False,True,False,True,False,True,False,False,False,True,False,True,False,True,False,True,False,False,True,True,False,False,True,False,False,True,False,False,True,True,False,True,False,False,False,True,True,False,False,False,True,False,True,False,True,False,False,False,True,True,False
0.9000000000000001,0.0,0.7298969072164948,0.0,0.5963149078726968,0.4956626992132337,0.8107821990676752,0.6425073567581728,0.08069327507463969,False,False,False,True,False,True,False,False,False,False,True,False,False,True,False,False,False,False,True,False,False,True,False,True,True,False,True,False,True,False,False,True,False,True,False,True,False,False,False,True,True,False,False,False,True,True,False,False,True,False,False,True,False,False,False,True,False,True,True,False,True,False,False,False,True
0.5,0.20000000000000007,0.15257731958762888,0.0,0.22110552763819097,0.4781117611458544,0.20670813769781293,0.2222845888170847,0.35462563551482407,False,False,False,False,True,True,False,False,True,False,False,False,True,False,False,False,False,False,True,False,False,True,True,False,True,False,True,False,False,True,True,False,False,True,False,False,True,False,False,True,False,True,False,True,False,False,True,False,True,False,False,True,False,False,False,True,False,True,True,False,False,True,False,False,True
0.875,0.8000000000000002,0.24742268041237117,0.0,0.1122278056951424,0.6828727052652813,0.5131451600428028,0.5864935384279119,0.19976530938103515,False,False,False,False,True,True,False,False,False,True,False,False,False,False,True,False,False,False,True,False,True,False,True,False,False,True,True,False,False,True,False,True,False,False,True,False,True,False,True,False,True,False,False,False,True,True,False,False,True,False,True,False,False,False,True,False,True,False,False,True,True,False,False,False,True
0.17500000000000004,0.8000000000000002,0.934020618556701,0.0,0.304857621440536,0.7778898527335082,0.46604735876073844,0.3517442467820713,0.7839239460465022,False,True,False,False,False,False,True,False,False,False,True,False,False,False,False,True,False,False,True,False,False,True,False,True,True,False,False,True,True,False,True,False,False,True,False,False,False,True,False,True,True,False,False,False,True,True,False,False,False,True,False,False,True,False,False,True,False,True,True,False,False,False,True,False,True
0.44999999999999996,0.8000000000000002,0.2721649484536083,0.6666666666666667,0.6649916247906198,0.5945128101674401,0.024847644740019104,0.49243712402586237,0.9193510779041063,False,False,False,True,False,True,False,False,False,False,True,False,False,False,False,True,True,False,False,False,True,False,False,True,False,True,False,True,True,False,True,False,False,False,True,False,True,False,True,False,True,False,False,False,True,False,True,False,True,False,False,False,True,True,False,False,False,True,False,True,False,False,True,True,False
0.5250000000000001,1.0,0.15670103092783505,0.6666666666666667,0.23618090452261303,0.8277183780512406,0.08540167242727936,0.4337638637324278,0.9313279028390975,True,False,False,False,False,False,False,True,False,False,True,False,False,False,True,False,False,False,True,False,False,True,True,False,False,True,False,True,True,False,False,False,True,False,True,False,True,False,True,False,True,False,False,False,True,False,True,False,False,True,False,True,False,False,False,True,False,True,True,False,False,False,True,False,True
0.675,0.4,0.45154639175257727,0.3333333333333333,0.8659966499162477,0.5099858785555779,0.6045408290574319,0.24413066502522432,0.6948621509420573,False,False,True,False,False,True,False,False,False,True,False,False,False,True,False,False,False,True,False,True,False,False,False,True,True,False,True,False,False,True,True,False,False,False,True,True,False,False,True,False,False,False,True,False,True,True,False,True,False,False,False,True,False,True,False,False,True,False,True,False,False,False,True,False,True
0.15000000000000002,0.0,0.7690721649484537,0.3333333333333333,0.5979899497487438,0.3808755295541658,0.5046733937710054,0.1334502271715495,0.7287828021958526,False,False,False,True,False,False,True,False,True,False,False,True,False,False,False,False,False,False,True,False,False,True,False,True,False,True,False,True,True,False,True,False,False,True,False,True,False,False,True,False,False,True,False,True,False,False,True,False,True,False,True,False,False,False,True,False,False,True,True,False,False,False,True,True,False
0.6500000000000001,1.0,0.9958762886597939,1.0,0.6901172529313231,0.7554972765785758,0.6010024071492129,0.6818079544596178,0.8224073783080985,False,False,False,True,False,True,False,False,False,True,False,False,False,False,False,True,True,False,False,False,True,False,False,True,True,False,True,False,True,False,False,True,False,False,True,False,False,True,False,True,False,True,False,True,False,False,True,False,True,False,False,False,True,False,False,True,True,False,False,True,True,False,False,True,False
0.8250000000000002,0.4,0.44123711340206184,1.0,0.29480737018425457,0.08936856969941498,0.6518128275024364,0.7607293757644037,0.09341066803189357,False,True,False,False,False,False,True,False,False,False,True,False,False,False,True,False,False,False,True,True,False,False,False,True,True,False,False,True,False,True,False,True,False,True,False,False,True,False,True,False,False,False,True,False,True,True,False,False,False,True,False,False,True,False,True,False,True,False,False,True,False,True,False,True,False
0.25,0.0,0.711340206185567,1.0,0.728643216080402,0.8448658462779907,0.53206135775591,0.9269728245933493,0.4018653595632625,False,True,False,False,False,False,True,False,True,False,False,False,False,False,True,False,True,False,False,False,False,True,False,True,True,False,False,True,True,False,True,False,False,False,True,True,False,False,False,True,False,False,True,False,True,True,False,True,False,False,False,True,False,False,False,True,True,False,True,False,True,False,False,False,True
0.17500000000000004,0.0,0.6268041237113402,1.0,0.5443886097152428,0.008876336493847004,0.3334638130615588,0.36499725979843045,0.623246536665974,False,False,False,True,False,False,True,False,False,False,True,False,False,False,False,True,False,False,True,False,True,False,True,False,False,True,True,False,True,False,False,True,False,False,True,False,False,True,False,True,False,False,True,True,False,False,True,False,True,False,True,False,False,False,True,False,False,True,True,False,False,False,True,False,True
0.050000000000000044,0.4,0.331958762886598,0.3333333333333333,0.16080402010050254,0.4692354246520073,0.6401886978997472,0.9752047918973605,0.38016002554731576,False,False,False,False,True,True,False,False,False,True,False,False,False,False,False,True,True,False,False,False,True,False,False,True,True,False,False,True,True,False,False,True,False,True,False,False,True,False,False,True,False,True,False,False,True,True,False,True,False,False,True,False,False,False,True,False,True,False,True,False,True,False,False,True,False
0.8250000000000002,0.20000000000000007,0.6164948453608248,0.0,0.4840871021775545,0.9987895904781118,0.6002941847068343,0.5328707669510798,0.27329545166539093,False,False,False,True,False,True,False,False,False,True,False,True,False,False,False,False,False,True,False,False,False,True,True,False,False,True,False,True,True,False,True,False,False,True,False,False,True,False,False,True,True,False,False,False,True,True,False,False,True,False,True,False,False,False,True,False,False,True,True,False,True,False,False,False,True
0.32500000000000007,0.6,0.04329896907216495,0.0,0.641541038525963,0.4647972564050836,0.09361987757773127,0.5181821615288557,0.3164797927828833,False,False,False,False,True,False,False,True,False,False,True,True,False,False,False,False,False,True,False,True,False,False,True,False,False,True,False,True,False,True,True,False,False,True,False,False,True,False,True,False,True,False,False,False,True,False,True,False,True,False,False,True,False,True,False,False,True,False,True,False,False,False,True,False,True
0.75,0.6,0.8989690721649485,0.0,0.8375209380234505,0.49404881985071614,0.781011298602858,0.9026039147114271,0.017167644121836356,False,False,False,True,False,True,False,False,True,False,False,False,False,False,True,False,False,False,True,False,True,False,True,False,True,False,True,False,True,False,False,False,True,False,True,False,True,False,False,True,False,True,False,True,False,False,True,False,False,True,False,False,True,True,False,False,False,True,False,True,False,True,False,True,False
0.050000000000000044,0.0,0.5010309278350515,0.3333333333333333,0.5259631490787271,0.2884809360500302,0.5257667197329067,0.0625352569923355,0.8240824002311424,False,False,True,False,False,False,False,True,False,True,False,False,False,False,True,False,False,False,True,False,True,False,False,True,True,False,False,True,True,False,True,False,False,False,True,False,True,False,False,True,False,False,True,True,False,True,False,False,False,True,False,False,True,True,False,False,True,False,False,True,False,False,True,False,True
0.32500000000000007,0.6,0.7195876288659794,0.0,0.6884422110552764,0.981440387331047,0.4680408737837305,0.7863072690074363,0.9424987707888748,False,True,False,False,False,False,False,True,True,False,False,False,False,False,False,True,True,False,False,False,True,False,False,True,True,False,False,True,True,False,False,False,True,True,False,False,False,True,False,True,False,True,False,False,True,False,True,True,False,False,False,True,False,False,False,True,True,False,True,False,True,False,False,False,True
0.42500000000000004,0.4,0.11340206185567012,0.3333333333333333,0.5443886097152428,0.907201936655235,0.38025491972470116,0.23807128381256057,1.0,False,False,False,True,False,False,True,False,True,False,False,True,False,False,False,False,False,True,False,True,False,False,True,False,False,True,False,True,False,True,False,False,True,True,False,False,False,True,True,False,True,False,False,True,False,False,True,False,True,False,True,False,False,True,False,False,False,True,False,True,False,True,False,False,True
0.125,0.20000000000000007,0.709278350515464,0.6666666666666667,0.3316582914572865,0.32681057090982446,0.6547977194295749,0.9563689195248604,0.13737156644583104,True,False,False,False,False,False,False,True,True,False,False,False,True,False,False,False,False,True,False,False,True,False,False,True,True,False,True,False,False,True,False,True,False,True,False,False,False,True,True,False,False,True,False,False,True,False,True,False,True,False,False,False,True,True,False,False,True,False,True,False,False,False,True,True,False
0.5,0.0,0.06391752577319587,0.3333333333333333,0.28140703517587934,0.5753479927375428,0.7143973618882166,0.1729798446522676,0.4285250480279399,True,False,False,False,False,False,False,True,False,True,False,False,False,False,True,False,False,False,True,False,True,False,False,True,True,False,True,False,False,True,False,True,False,True,False,False,True,False,True,False,False,False,True,False,True,False,True,True,False,False,False,True,False,False,True,False,True,False,False,True,True,False,False,True,False
0.675,0.8000000000000002,0.6989690721649485,1.0,0.11390284757118929,0.9844664111357676,0.4568814941408549,0.9349640077336363,0.10107841099751114,False,False,False,False,True,False,False,True,False,True,False,False,False,False,False,True,False,True,False,False,False,True,True,False,False,True,False,True,True,False,False,True,False,False,True,False,False,True,False,True,True,False,False,True,False,True,False,True,False,False,False,False,True,False,False,True,False,True,False,True,False,False,True,False,True
0.925,1.0,0.14845360824742268,1.0,0.1943048576214405,0.5224934436150898,0.8023090876440405,0.512751580236477,0.9736624408838155,False,True,False,False,False,False,True,False,True,False,False,False,False,False,True,False,False,False,True,False,False,True,True,False,False,True,True,False,False,True,True,False,False,False,True,False,False,True,True,False,False,False,True,True,False,False,True,True,False,False,False,False,True,False,True,False,False,True,True,False,False,False,True,True,False
0.025000000000000022,1.0,0.5938144329896908,1.0,0.3819095477386934,0.9001412144442204,0.9323724913758952,0.29175110933966764,0.5020711573846443,False,False,False,True,False,False,False,True,True,False,False,False,False,False,True,False,False,True,False,False,True,False,False,True,True,False,False,True,True,False,False,True,False,True,False,True,False,False,True,False,True,False,False,False,True,False,True,False,True,False,True,False,False,False,False,True,False,True,False,True,True,False,False,True,False
0.675,0.20000000000000007,0.6474226804123712,1.0,0.6247906197654942,0.7502521686503935,0.7766005457281003,0.7579445756062595,0.40623197368220965,False,False,False,True,False,False,True,False,False,False,True,False,True,False,False,False,False,True,False,False,False,True,True,False,False,True,False,True,False,True,False,True,False,False,True,False,False,True,True,False,True,False,False,False,True,True,False,True,False,False,False,False,True,False,False,True,True,False,False,True,False,False,True,True,False
0.5750000000000002,0.6,0.9690721649484536,0.6666666666666667,0.46566164154103845,0.128505144240468,0.3438349337277318,0.7957035085830184,0.6676816317841049,False,True,False,False,False,True,False,False,False,True,False,False,False,True,False,False,False,True,False,False,False,True,False,True,True,False,True,False,False,True,False,True,False,False,True,False,True,False,True,False,True,False,False,True,False,True,False,True,False,False,False,True,False,True,False,False,True,False,False,True,False,False,True,True,False
0.9000000000000001,1.0,0.4762886597938144,0.6666666666666667,0.8107202680067,0.04438168246923535,0.6816886498105689,0.13856419866381023,0.13208418448811593,False,False,True,False,False,False,True,False,False,True,False,True,False,False,False,False,True,False,False,False,False,True,True,False,True,False,True,False,True,False,False,False,True,True,False,False,True,False,True,False,False,False,True,False,True,False,True,False,False,True,False,False,True,False,True,False,True,False,True,False,False,False,True,True,False
0.375,0.8000000000000002,0.8680412371134022,0.3333333333333333,0.8408710217755444,0.6816622957433932,0.33356066399385,0.7413269807800172,0.7690266675452782,True,False,False,False,False,False,True,False,False,False,True,False,False,False,False,True,True,False,False,False,False,True,True,False,True,False,False,True,True,False,False,False,True,True,False,True,False,False,False,True,False,False,True,True,False,True,False,True,False,False,False,True,False,True,False,False,False,True,True,False,True,False,False,True,False
0.75,0.8000000000000002,0.8762886597938145,0.6666666666666667,0.9648241206030148,0.06717772846479719,0.7473233159876004,0.5957961611463525,0.8947194610732914,False,False,True,False,False,False,True,False,False,True,False,False,False,False,True,False,False,False,True,False,True,False,False,True,False,True,True,False,True,False,False,True,False,True,False,True,False,False,True,False,True,False,False,True,False,True,False,False,False,True,False,False,True,False,True,False,False,True,True,False,True,False,False,False,True
0.5,1.0,0.006185567010309281,0.0,0.6867671691792294,0.5801896308250959,0.3975259967406971,0.42401766586255274,0.20251848885599727,False,False,False,False,True,False,True,False,False,True,False,False,False,False,False,True,False,False,True,True,False,False,False,True,True,False,False,True,False,True,False,False,True,False,True,False,False,True,False,True,True,False,False,False,True,False,True,False,False,True,True,False,False,True,False,False,False,True,False,True,True,False,False,False,True
